,oil_price,oil_growth,Goods producing industries 9_growth,"Forestry, logging and support 10_growth","Mining, quarrying, and oil and gas extraction_growth",Utilities_growth,Construction_growth,Manufacturing_growth,Service producing industries 11_growth,Trade 12_growth,Transportation and warehousing_growth,Information and cultural industries_growth,Finance and insurance_growth,Real estate and rental and leasing_growth,"Professional, scientific and technical services_growth",Management of companies and enterprises_growth,"Administrative and support, waste management and remediation services_growth",Educational services_growth,Health care and social assistance_growth,"Arts, entertainment and recreation_growth",Accommodation and food services_growth,Other services (except public administration)_growth,Public administration_growth,Unclassified businesses 7_growth
2010-02-28,79.66000366210938,9.2879741105093,1.2546890881658168,2.6555584483207495,4.505979707008967,-0.5906091414517589,1.0921888273128122,1.061590960496428,0.12850647105278057,-2.1911437559752667,0.18478713501861588,0.12350974540564774,-0.5820433979983219,-1.7778796543168163,0.5322146474144862,-4.672084095719875,2.2833778714033803,4.499227573493436,-0.0006806429477035358,1.1669334912688178,0.03192497920994075,0.25897136331516357,0.5970478751974762,1.1650570869172983
2010-03-31,83.76000213623047,5.146872063315344,0.6800936106667654,-1.9443739961112483,0.2227196418578714,-0.08624294375915165,2.0519111017897496,0.17195709274353543,0.2155838908677543,-0.21044194386031778,-0.00397315977755941,0.8419293581465981,-0.3803445023666696,-0.4634671601582041,0.5211419319532951,-0.8863129569169126,0.2718717421716699,0.23747873936967867,0.6052194531553479,1.0505662172298313,0.07954446244433644,1.0291706048194849,0.5431476109440725,3.8189385603632386
2010-04-30,86.1500015258789,2.8533898384592415,1.905991945491392,-8.756501997298615,-0.6655574043261225,1.3400992213997265,4.9531509849785715,0.9641931578089125,0.7263444600629665,1.5258482270972484,0.10972469493326642,0.1759587340612656,0.3541773131559678,0.8424031524305375,0.4975117788165395,1.0556193694762683,1.5145167046847652,-0.5374729906048037,0.2099159290701813,6.18852996953938,0.43026490515560845,1.1626140425225584,0.4040882387618794,2.63369555199946
2010-05-31,73.97000122070312,-14.138131270394682,4.030531461569176,13.521259842519683,1.4502040403359118,1.8738707734664128,7.787499806761788,2.306987624914014,1.0016771230776156,1.2619105928304952,0.22058273531750938,0.6788378248315796,0.27551290730873923,1.0976415594586397,0.8335167579835767,0.6632034794698205,1.6781335419651544,-1.6953928634220516,0.05051242802132094,7.3000758693002155,3.4163699693763983,0.8299279938664306,2.0825731166683514,5.206917522785615
2010-06-30,75.62999725341797,2.2441476346092504,3.038340398323358,22.45651027938851,2.9575701162416923,2.0328018377136603,4.5838741523185345,1.7893152948605051,1.3679028619058897,0.8475794922981894,1.8614590695294142,0.837075076851379,0.9446202438752271,3.057860909490717,0.8672783146436158,1.016246885469263,2.30235688855176,-1.8115252598422393,1.3206962656238108,7.460445457831666,3.461508669403579,1.5452664090242818,2.2385910005732645,7.4705731732865654
2010-07-31,78.94999694824219,4.389792166327466,0.6053707777449402,8.59596257108548,3.0033795419321496,0.09766999130902398,0.548999082335011,0.15152045097133193,-1.786867300648498,0.1441173801747908,-1.7812363083907434,0.46750153315617826,-0.06557443789184658,0.34960380844999417,-0.4891974828683643,-0.33164585026974613,0.6209495665510101,-21.542013672003336,0.6498334396913608,4.9286194838127795,1.202307738102748,0.13432325973217196,1.0780964354192957,4.973755839055061
2010-08-31,71.91999816894531,-8.904368652357997,-0.2677207726371478,-3.4716571738540813,0.514615605652935,-1.1957034060182115,1.911573664177224,-1.45459649196793,-1.8376627790811506,-0.8087512496944727,-0.9428518795378427,0.5844590510059922,-0.7183002893861201,-1.164537208621863,-0.6754812168819568,-0.23357339487807272,-0.6864238116038868,-13.926189615491847,-0.3182772723800187,-1.159394761409871,-1.486701243463373,-1.1654643258443231,-0.9579506314580932,1.1310489972213844
2010-09-30,79.97000122070312,11.19299674180716,0.6236317605707864,-1.0698770181771011,1.3321898227558693,-0.53897076669428,0.6586592614897357,0.6566911485441862,2.583091831268103,0.17598072310613944,2.8428756739476535,0.4980958607325059,-0.2155690377795394,0.01855214336465849,-0.19928937604070107,0.1291377500301838,0.5676402289277238,35.9937039837821,0.09196811771918778,-3.6002480717412078,0.4038843103069123,0.3822137979180962,-1.559825189602404,3.7095222064669198
2010-10-31,81.43000030517578,1.8256834590302473,-0.7533171718952847,-6.257100410731454,0.02051776582048248,-0.3609804532029637,-0.7467515200936026,-0.7210952410371285,0.5682468760419335,0.41115194575904734,-0.48181175566883727,0.9297020402686096,0.5671829862727629,-0.7060346426612241,-0.0048608100474245575,-2.0199302256532103,-0.25297272866249276,11.022740651518316,-0.4285490347397225,-7.963011576444834,-2.0793327391953498,0.10470858377269465,-1.0936005027354145,-1.119708842912881
2010-11-30,84.11000061035156,3.291170692781442,-1.2031769668085945,-6.728349025822689,-0.6964352566502408,-0.07938250544698988,-1.9424314271808685,-0.7565771424977275,-0.11206594821074889,0.7461322577998697,-0.21504181452043358,-0.7832709510527947,0.48381137635793436,0.7595449884339356,0.5374740689453983,-1.6723643216318362,-1.180912425101821,1.9215239064786616,0.139205770227524,-10.069659256164487,-1.8141895871370495,0.018047704157386768,-0.827695160902564,-3.584183039045019
2010-12-31,91.37999725341795,8.643439056367885,-0.9621911572753272,-3.028410084705535,3.056265654452961,1.8534482758620685,-4.986253963013764,0.7276223429682149,1.2064161989851607,2.060964242658603,1.254655861306131,1.7921491515548782,-0.42305881258684064,3.012121857606642,1.8895933845936685,3.002898885710703,-0.3439016791842331,1.7612436752575844,1.458147273176924,-0.47797730724560283,0.32344776004693543,0.7662099287147228,0.293400132366739,0.26894478721721793
2011-01-31,92.19000244140624,0.8864141084858446,-5.371037935797296,-8.443917647968258,-0.1528416009781819,-1.8786354999045796,-10.598657615194206,-3.349511606254174,-2.7446323806058714,-3.1153931221620024,-1.7637651563117696,-1.0045016555675468,-1.0588566683158884,-3.6179134197476537,-2.3594851379497905,-4.246804611457589,-4.169615706802032,-5.018230952665592,-1.3795602428235854,-2.251447551505903,-2.70919185757007,-3.0819708747398145,-2.4135179256195682,-6.349554790291823
2011-02-28,96.97000122070312,5.184942675682147,1.6828788954765361,1.6210739614994862,4.659017907331564,1.0334125447149622,1.877310118015374,1.2264377002336735,0.23765813550595816,-1.731237268905983,0.16551807611713265,-0.6764628509151049,0.7220637304216737,0.1144232946757473,1.307225600184947,-1.146383618627267,0.7958990580825498,3.6978981649621323,-0.4025917675966162,1.5148732171884616,-0.12195192213513284,0.5060228038073822,1.2016634182635988,-6.300268096514749
2011-03-31,106.72000122070312,10.054655952627112,0.6626603865518943,-1.9386285587681407,0.03260906052338086,-0.43776313917185394,1.6152710798203573,0.4114536546785841,0.31096620485004944,-0.21118393973033056,-0.13699892304044337,0.12340756220585725,-0.37916677040419344,-0.8119530924459828,0.6608674906873002,-0.7991307354175969,0.30472171552020644,0.3654026895746121,0.964798594273697,0.40258195256770435,0.8181716795305105,0.8055206331886389,0.6586710616919067,1.2719185096585983
2011-04-30,113.93000030517578,6.755996066343695,1.758112325571748,-9.277564392227744,-1.710938211592572,1.3627803746174783,3.69170741306033,1.5316888573042364,0.5826715524928305,0.6701644221086767,0.8582120028677753,-0.46337074601526806,0.5693712659359251,-0.2736667746930266,0.5090448196445996,0.6532172943261694,1.534763339437184,-0.4044099219265296,0.3584698954397725,3.880826984677621,1.4355819094173938,0.8486956794565792,0.0008683646089302499,1.8646174272833882
2011-05-31,102.6999969482422,-9.856932613756353,2.78031033195274,4.352021915761295,-2.048968443642396,4.526868432184061,6.326266139644288,1.3634951323398203,0.9808530543040428,1.0099814726794776,0.21370213072271493,0.2841647513047274,0.07572025604556387,1.0828268239353234,0.7819989029972829,0.8112225717734178,2.4857998511546464,-2.821754100063112,0.07221634724206005,9.113224649466334,2.8612713502455644,0.5339431095866765,3.855022963220245,6.227668337633885
2011-06-30,95.41999816894533,-7.0886066169658974,3.532064615919195,29.46511142269026,2.383121959477963,0.16028311393589956,6.46850231902778,1.7351017141147063,1.6100404075252372,1.400104866698304,2.2007030397715788,0.8559030811346124,1.2205400115393283,3.680036832120148,1.012448976996727,3.3002296323919156,2.1495330866216023,-1.8973486769690129,1.0129919554233258,9.151397114352712,3.3738437086141104,1.9698936044701298,2.8208046302704792,6.890906172531253
2011-07-31,95.6999969482422,0.2934382568328342,0.5384498307166474,9.440527213235628,0.48975026141089284,0.1932994795173837,1.2721411563856755,-0.11108457460204946,-2.0664290812892006,-0.2340748418223848,-1.8486061143836885,0.43197167928989977,-0.23218864858702837,-0.800839120148833,-0.141243649071221,-0.3647936161117138,0.1759496881130751,-22.83187783537204,0.7988782768018954,4.37960191395923,0.9783941639398108,0.625168336437687,0.1417654085174913,2.8364155715878026
2011-08-31,88.80999755859375,-7.199581618978312,-0.6614031076030091,-0.6632277081798033,-0.5028506161009028,-0.9337961462130284,0.5826147751107014,-1.4045317141814784,-1.4434850789872944,-0.50209316233637,-0.05236289425082363,-0.18141828270775706,-0.73188864878313,-0.6189847723571562,-0.30356129845572344,0.2345515393636699,-0.3977165403907912,-11.86910174399981,-0.2260809366226968,-1.8863316831855825,-0.19647965201037287,-0.5560644959416772,-2.05011697811206,0.25505071810081326
2011-09-30,79.19999694824219,-10.820854492210985,1.180854121071473,-1.9923696481560005,1.9534689152313156,-1.0112377486192203,1.8506448511515616,0.9476008011095605,2.4381527385914925,0.27225349876658367,2.196960763973377,0.42484676713212544,-0.15911362636273907,-0.05280938143128466,-0.057533616069960214,-1.583798643545431,0.476083864510346,35.03855854257456,0.12805138076379396,-1.7056970352091194,0.44470412568571316,0.2716258122237303,-2.2689652313686803,3.327615225271874
2011-10-31,93.19000244140624,17.66414903059481,-1.1907006333200298,-5.81963667820069,0.3058220697617742,1.0610763958879277,-1.2676501009336483,-1.391334400703781,0.28934761257766173,-0.09807854352030798,0.128671369524902,-0.47668352172179906,-0.27539002641525645,-1.9934419605740605,-0.26227658096603657,0.24066807136919888,-0.5740987108993512,11.3797029937847,-0.5494343884748232,-8.064043525287856,-1.9651890773917713,-0.3232532509636177,-1.6384959843464442,-1.2795975454280573
2011-11-30,100.36000061035156,7.693956412817471,-0.548321352128045,-4.369790351098757,0.01284246575341541,0.595176358892946,-1.413125866717202,-0.07806245793190447,0.20486830349231155,1.265986744683345,-0.059366571806562796,-0.06772392844894837,0.2757114863688237,0.08364286478794725,0.6730820459867504,2.18106083250571,-0.8210347305073418,1.7022657009025721,0.4552256904394314,-8.769796769560688,-1.3005733998082691,0.4479533916064593,-0.49645981320232124,-6.233738212186979
2011-12-31,98.83000183105467,-1.5245105320765395,-1.3618909201079221,-4.084425875234121,1.9884242415595388,-0.9659996668966664,-4.791589082057124,0.29847672572427264,0.8722373988462095,1.4829542462022394,1.6152337250643578,0.7221091123018164,0.9219111888816078,1.477775929402636,1.5633426576951104,1.9316240929293294,-0.23713092843936634,0.6431704719912723,0.9089164015954942,-1.7157127022259355,0.46297717158769736,0.02246770974740908,0.5180044837867159,-3.4347399411187474
2012-01-31,98.4800033569336,-0.35414192819644974,-5.675918745519959,-11.453248216297407,-3.409684399015145,-2.844581121014822,-10.935177198230772,-3.0423174414145437,-2.610606523463088,-2.915969585836675,-2.6045953139116174,-1.2239954647746965,0.2870471596069013,-3.4281142054214397,-1.4055360428372743,-2.3079059433438243,-4.361375697328462,-4.4972712888688315,-1.4145234758029646,-2.7347846883653215,-2.9746828050269625,-3.72936832726779,-2.433542475620021,-7.204934118306705
2012-02-29,107.06999969482422,8.722579249674478,1.1264315115125711,1.3740458015267132,3.6019813069674056,-0.4228591211454247,2.2892357623058412,0.2817190051029206,0.12142398964010148,-2.1474673135542854,0.041881913649532976,-0.27276073868593986,-0.4961723640212301,-0.6430309350017427,0.5088725528439753,-1.26697432884475,-0.3741942494451922,5.34426438324711,-0.03622414220698644,1.4414812742784777,-0.4297811181532274,0.7176315804953148,1.0798459523206239,-5.023036253776436
2012-03-31,103.0199966430664,-3.782575010088085,1.0643302966750978,-1.3414770191878644,1.5275143641336975,0.5893844574683005,1.878159486801767,0.6542261071911692,0.4230098158196638,0.16400933561586672,-0.2563456228874328,1.4335125708472507,-0.07390576001206073,0.39213931522061873,-0.5489882840767124,0.7995009117957474,0.9268335656942961,0.6682995630318489,0.5211771901787454,1.5192891007907772,0.949302043970901,0.8608623029137341,0.4160744834527108,1.8186951041554877
2012-04-30,104.87000274658205,1.795773795184008,1.4171622488837299,-10.448056537102469,-1.3535283993115321,-0.6484742749925942,4.248769081705284,0.7289533418426419,0.7286775718828631,1.3290157398410996,0.37553093068416477,-0.41377492248884096,0.029729188842697596,0.08306489191434174,0.9139467519012179,3.568742085067078,1.7752659850835073,-0.5955880493602406,0.36626649097499797,3.5534351479466153,2.0719206794064693,0.21830057537932657,-0.24833940557201784,2.6718943426288666
2012-05-31,86.52999877929688,-17.488322196008443,4.576557645613533,10.85261529720003,0.891469622102492,2.3681333244980562,8.595890370359838,2.8763700399564884,1.5984804697296573,1.9200484741112467,1.6502179824877894,0.6692793306055655,0.48364438220083183,3.907692307692301,1.6627641379860947,3.4329003135026737,3.9326729869691324,-2.52310333999769,0.6313204674717632,9.013872377511433,3.334034354869142,1.9242176786897325,2.2505113476009475,4.238632257573749
2012-06-30,84.95999908447266,-1.8143993031002559,2.707875891944278,29.378933280177687,3.4204628254673963,-0.16830249136235986,4.513558359896952,1.1472197912720805,1.2889290743948179,0.9769453275773277,1.4306385801668986,0.5362083552466146,1.138221235350212,1.9758271901251456,1.2613105653626056,3.6140615972623413,1.8062694183786254,-1.6449246286890484,0.8300255562955883,6.987872319782662,2.9899244002463243,1.2664040134916732,2.4906478586821157,7.150285157575564
2012-07-31,88.05999755859375,3.6487741378608884,0.30373864817330176,5.984504996258311,-0.03210573488688917,0.34933011290414484,0.9764086794668003,-0.2338020566316268,-2.0197781860090136,0.075612276385284,-1.2073948831018977,-0.0662421106499167,-0.6817520414044154,0.33203042911780223,-0.18867581568663416,0.0283089276063464,0.4293386101111407,-22.68425390497386,0.680325621588107,4.803015079022499,0.6696775014312095,0.18305073360240787,-0.21572087883816593,1.0120719892390717
2012-08-31,96.47000122070312,9.550311032558788,0.09473835878774928,-6.107615309534198,1.8854795327115204,-1.035457555932473,1.2761524886887088,-0.6203381603430147,-1.0294987966384839,-0.28810999396007286,-0.14686049553853664,1.1652684014827663,-0.40835438783468625,0.32483853278089114,-0.80833539727172,-0.38506397722205543,0.2161216225391671,-10.980987679741927,-0.08278564206268824,-1.3231944954001373,0.06680870889010926,-0.02328188966992384,-0.5762210730158257,-4.044810485896432
2012-09-30,92.19000244140624,-4.436611096858134,-0.30950637014887095,-4.954436875165891,-0.4960291400702199,-1.2274745364324935,0.6796238475044181,-0.7024890266616346,2.132098607120936,-0.15663841384887522,3.032873622786436,-0.539927953363728,-0.20652873085786894,-1.05524872364251,-0.6610690199630342,-0.6706555895140132,-0.7273740645765026,37.14761413687751,-0.3768401430773616,-4.447928614270835,-0.5784819206509084,-0.661918539121753,-1.9340142292254114,-0.7666119755892709
2012-10-31,86.23999786376953,-6.454067057236912,-0.40048177740712454,-5.661826305501261,-0.1619141063265328,0.4941168693812781,-0.3595323239240167,-0.3853083089523368,0.1634818312274522,-0.18853095837320089,-0.2763618584105565,-2.04448616416395,-0.1348394500053418,-0.4968062455642297,-0.1891304803174898,-4.493135487449729,-0.2231590984011822,9.19631202334501,-0.13615022119360942,-7.334684198547825,-1.7969451931716063,-0.021004463448481836,-1.5228967188757436,-2.52047286747602
2012-11-30,88.91000366210938,3.0960179319085457,-0.8568460839531999,-3.0809837440489374,0.05420579693538041,-0.24584367959744613,-1.616911750481831,-0.49095450720860745,0.26113264101181866,1.2219430573858991,-0.24049671659286398,-0.16798863911884343,0.3214177692941078,-0.3203917183945748,0.5356300782397572,0.0036300275882084065,-0.467320476535249,2.1825398421517983,0.2884494239680624,-7.601500572420051,-1.131698332202269,0.3941040089437742,-0.202361495871628,-2.4200226638772637
2012-12-31,91.81999969482422,3.272968072044957,-1.6097397543772707,-4.469330618477985,-0.7558272696841062,-1.5809038681865784,-4.27113732795198,0.0355294785503224,0.4364249704040368,0.8368359229300459,0.6137776560076968,0.7225258044930127,1.015980450706988,0.47768421785494564,0.9638844173656347,-0.032669062397905346,-1.218066911991622,0.7245966065827725,0.48309290101811175,-1.8148065578268646,-0.017007559205928224,0.5657602917738647,0.15679730850644003,-2.854856419704832
2013-01-31,97.48999786376952,6.175123271389982,-5.24218363427088,-9.407470560025576,-1.4668027693946373,-2.0794774088187307,-10.49189862360923,-2.7393618076692605,-2.3599601307915163,-2.5139281327855145,-2.344543948794253,-0.7431774928308821,-0.18350195997229868,-1.667218428326156,-2.480228345432056,-4.672294843863467,-4.4090004567960195,-4.089405578117722,-0.5212598786460632,-1.799445451171322,-2.8542666575944287,-3.43640440921007,-2.2835308431282897,-7.03040288128125
2013-02-28,92.0500030517578,-5.580054293993786,1.37718958395332,1.7704320207040602,3.1119518951422176,1.422315731855428,2.7067242368429056,0.3539516096128015,0.23104098989681354,-1.333985230378909,-0.48396115087024905,-0.9014402221065421,-0.937795072820391,0.8722102386833797,0.8217052910138634,-0.5723100949406312,0.5510553540801766,4.631625440976217,-0.5409983217752434,1.7390415039974405,-0.11440024280867656,0.9899161313038585,0.8791786948003866,-3.0909225785712535
2013-03-31,97.2300033569336,5.627376570822262,0.6538918547281058,-0.8524779656119086,-1.2108822141846165,-0.2538263692709819,1.7640224556848327,0.41172424775282046,0.45135362838839566,0.300189756660707,0.1604679714017454,0.40010155750693777,-0.058634509152610814,1.4534037590570925,0.16747932483813788,0.840899513465887,0.8721041390122419,0.9941259028834581,0.21406375077019923,0.4811957780642917,1.0068682800532303,0.44142918652811947,0.14028572801039196,-2.8743844249955353
2013-04-30,93.45999908447266,-3.877408353696299,1.0847574519755376,-9.221801224132909,-2.4992040751353084,0.25278144127691693,3.1090136551623626,0.7546795463149625,0.47384662521543497,0.394858522382191,0.16006668002959135,1.3100449374189749,0.09248300985955638,0.24367291979068284,0.5882846882980353,0.1453129451989721,0.8064843671730992,-0.5227861982592841,0.34878071352550943,1.2526858803163066,2.0940581722382445,1.2826178910211095,-0.27038880382812547,4.106188180588211
2013-05-31,91.97000122070312,-1.594262656072587,3.4058845410584127,7.8886534386438,1.102494331065751,0.8019699282359127,6.455622150596452,2.0366321858481307,1.3370159639884083,1.5808221947436252,1.3739416128804693,-0.06111189214468293,0.3209371422301599,1.9892922424089798,0.9293178291528426,2.217311722921389,3.1500345825583143,-2.8053525509583066,0.6531174527785399,10.388511336592398,3.8466098503340707,0.8773983313512979,2.3498866235410754,-0.39618951485710374
2013-06-30,96.55999755859376,4.990753807728998,1.4411581487168146,26.47977859119721,1.0420264566166182,1.208024495122717,1.828412614025754,0.7240987494510742,1.0542005398225918,0.7986481825507319,1.3226551382304663,-0.5965641579201209,1.2995012102774206,2.807689717360229,1.2065983414138115,1.6106734953284851,1.8421977735824546,-1.8730358766570476,0.6153217110353104,7.270915947059753,2.2391480273872277,0.7307156780840929,2.244432317446865,4.267322008419794
2013-07-31,105.02999877929688,8.771749621848745,1.3627341729059106,5.693983670972447,-0.01864561783586627,0.0033063862851179238,3.5300636951894226,0.186582484056097,-1.7859854292232247,-0.05592893054755521,-1.3635592709555389,0.0635379061371788,0.4065849140233446,0.5975907122320434,-0.245293041657757,-0.23557986431330669,0.733061535491597,-22.743784428781954,0.7954531225633055,5.456135068364931,1.1431292773948387,0.8334162694946023,1.0649384515665439,2.6149216981399492
2013-08-31,107.6500015258789,2.4945280177404605,0.41173065449575663,-1.8766278577947992,1.3920217395165357,-1.1315732918946608,2.3186353614111255,-0.785725669271875,-0.8395958448303875,0.0459713091500058,-0.38738153670816455,0.00837013305625689,-0.09663626562380623,0.5025107448301869,-0.1531279178337952,-3.5484490980148053,1.3827317804940176,-10.458624861907516,-0.2780974408259418,-0.8194211762925119,0.2785338937024928,-0.0902929586114598,-0.4338125009281435,1.8907911250029663
2013-09-30,102.33000183105467,-4.941941123470683,-0.6251421279714342,-4.580516357366482,-0.04817229917625232,-0.5358949278088554,-0.024106333329099172,-1.0079817679478298,2.1019933224455167,-0.027020787448106542,2.871437273618249,0.15786481346267145,-1.077056640008156,-1.2548550941141268,-0.2929699283502729,0.5570211231519684,0.029292914119194435,36.67557335326175,-0.17140071244260424,-4.94986316859225,-1.1529761875848976,-0.8883782705894849,-2.4373805639711033,-1.631438896570958
2013-10-31,96.37999725341795,-5.8145260150196165,-0.38091328886608045,-2.3966333008393015,-0.18358110210000556,-0.5513902430824058,-0.621449071633573,-0.1779644627420418,0.5411218802348072,-0.09270486587310556,-0.382054663632414,0.3472162191755501,0.11095426393656904,-0.5504620600404686,-0.13699193780662977,0.3538770772584465,0.032287857512924845,10.683372708421457,-0.3370372261076282,-6.1735513063786325,-1.716877041366227,0.26340174026040497,-0.8679508849105178,-0.5036127025377479
2013-11-30,92.72000122070312,-3.7974643463532964,-1.3388092971895027,-3.4079559572239404,-0.503472069810107,-0.6440379999323897,-2.020895586897631,-1.0024781626431056,-0.03708875589627514,0.9458204524196878,-0.19057668588674526,-0.2581471409988767,-0.46706451525253545,-0.1359945748794944,0.19013710715298782,0.43255848943053454,-0.8704899164289626,1.9497637944506874,0.3174037658189688,-8.122992198256085,-2.1496075524589764,-0.06480296768136551,-0.2808623263766741,-2.8600713929541
2013-12-31,98.41999816894533,6.147537611301779,-1.7424817453216113,-4.443659840613334,1.5458527998729377,-1.02761284175783,-5.1663206144523794,0.062129035371327745,0.6963421400766778,2.013400582893321,1.0996168635813985,0.6143623759183869,1.5468501928893152,2.418200371466117,1.121361260724063,-0.2705891165124874,-1.867075907224225,-0.5954104255870285,1.1638758797148707,-1.3042042703059642,0.11224309913586694,0.27669651623980496,-0.13348089367439808,-7.8632276673497365
2014-01-31,97.48999786376952,-0.944930219953255,-5.249804750106701,-7.885985748218527,-4.440099923970897,-1.143142007460507,-10.445708365489315,-2.3356595487021625,-2.3438122498028235,-3.1651210944801833,-2.2462237587620226,-0.9774354337512836,-0.7514562914478828,-3.466393330991824,-1.9358064384941254,-3.999436699056469,-3.381440594263141,-3.5412826457682622,-0.9171358711500877,-1.393922497909117,-2.405246883386991,-2.8625754360825595,-1.6575302161002892,-6.202301046171266
2014-02-28,102.58999633789062,5.231304324416675,1.6470492361556843,1.0887628216148082,4.906912777613592,0.8807470265006501,3.164904385889322,0.34722984242636645,-0.19948704027690223,-2.265457071392163,-0.4463863591780193,-0.5380414367035624,-0.25561337230023407,-1.2845739743827744,-0.19662133317069896,-0.7579091486968892,-0.4585537918871285,4.13866753117349,-0.019300364612750975,0.44366151236381324,-0.7156927689840331,0.3530949233385039,0.5791764180226755,-4.82060613488835
2014-03-31,101.58000183105467,-0.9844960940532999,0.05332554657766497,-2.2731137690607084,0.4780106436458764,0.44988752811796484,0.5109204234288844,-0.2623062859876679,0.3505071545149896,0.6196046731537619,-0.611554033364714,1.1353600148747311,-0.06317381231089048,1.0350144796720473,0.6125357169918688,-0.28872684272762683,0.8219782570905165,0.1786195251513245,-0.10704995570248732,0.16888600194868708,0.561247826075495,0.5114771399495011,0.4071496296905064,4.20148089448007
2014-04-30,99.73999786376952,-1.8113840658768643,0.789679618113226,-8.40777262180974,-1.8882816981595885,1.5049205927019083,2.149302464314906,0.5569652520288404,0.46452276238471146,0.9822690600972406,0.32677128292317725,-1.3423686357421083,0.42933861544731666,1.1130054124075972,0.5683571211661187,1.5664067518554647,0.7841087990747786,-0.668876452075784,0.28035095156111467,1.5087651038627081,1.1476591977734651,0.786561516798101,-0.1306834128543377,1.3741278019658854
2014-05-31,102.70999908447266,2.977743417199319,4.405960290742694,5.253158544694592,0.3947721268018567,1.4783821478382198,8.628965836989844,2.663436606665237,1.780498144494902,2.224360376777179,2.0119620183880027,0.8935980643076213,0.6572042545253121,2.743785710078339,1.3859884120498212,2.092982524423004,4.537636417950508,-2.702263362179358,0.8127058113466923,11.139030259151216,4.010502257881865,1.8642715090720685,2.188323024034866,3.147520384097824
2014-06-30,105.37000274658205,2.589819575328489,2.6719447720070955,24.184717208182917,0.3612542748422598,-0.6971862661802164,5.080226248382802,1.2579735156483363,1.1801783200702465,0.47983066613903613,1.2149760642189644,0.10158378353419817,1.0381533377096686,2.875109733593706,1.5665877217645008,2.404620531246726,1.5929604592318514,-1.4584797828711582,0.8458984854549101,7.533721643163704,2.7251438500872194,1.3987763674550235,2.5250446654934144,0.2113713225935454
2014-07-31,98.16999816894533,-6.833068605827918,0.7574017883296147,8.941592577339573,2.3294472852929404,-0.1325314342753181,0.6439190897844949,0.445558249022282,-1.7963805626292517,0.09882516786579032,-1.003630916073106,0.8259721389362928,-0.46879594494307897,0.5078210714397624,-0.06216615017934357,0.3881019302719446,-0.11251214338111604,-23.212576284551478,0.8470298922952368,5.349583066067987,1.117282783779805,0.6750611031161258,1.635415657668271,1.1426264532312436
2014-08-31,95.95999908447266,-2.2511960127261865,0.2961858475027723,-0.07115855014454553,0.8992261282964265,-1.2296424461821442,2.369731235787631,-1.0616726892075268,-1.177873341412461,-0.27446637823365094,-1.7637633627919813,0.07605889131299115,-0.061478119698044065,0.19059698440917483,0.31348882191111205,-2.1462410650547437,0.4135881188315427,-10.729740679447131,-0.5009838884816098,-0.9582859771607999,0.15626185844561657,-0.9478367745640592,-1.2238471964231223,3.5600243972445433
2014-09-30,91.16000366210938,-5.002079479114929,-0.29622013812160564,-3.340157550402778,-0.13649194570747314,-0.7985033377269413,0.683175719921647,-0.8737947970720916,2.128956268524451,0.026241224561207588,2.8588701856028687,-0.847726396091375,-0.7859118646930896,-0.27635870599099777,-0.43617898782606357,-0.013264107325572372,-0.06362344802025577,35.873486244954144,-0.017560955072204454,-4.326517508598049,-0.5344176960854319,-0.1412421725285773,-2.8177638244102243,1.8435434837212217
2014-10-31,80.54000091552734,-11.64984896879313,-0.31516460378028244,-4.482353753712276,0.1354090410924158,0.10800987518859717,-0.5383894249775034,-0.14053915932029648,0.5088258717437899,0.051224653401193976,-0.3540334624940633,0.7711193333102884,-0.5113492867500402,-0.9777398566860218,0.09224799551568186,-0.8499630450850004,-0.10161508650262663,11.004906296098493,-0.2718824661019581,-7.048845004658533,-1.6325568303473648,0.06656091680428133,-1.264052452305675,0.31381420328187026
2014-11-30,66.1500015258789,-17.866897474636335,-1.6341535206702007,-5.104844540853215,-1.1937914393532867,-0.9248000548029656,-2.7244991047668754,-0.8951323140566347,-0.37385711097770447,0.4952716423979986,-0.4746426711497054,-0.5478919314620412,-0.18496915279279103,-0.23958052392477613,0.08476645784218917,0.0831445855672408,-1.9049316122868976,1.8642596798247535,-0.08367052480753312,-9.829291241815008,-2.0976763410381016,-0.6369691547144618,-0.6718793962464109,-2.7065521027175743
2014-12-31,53.27000045776367,-19.470900636451805,-1.3297300871059958,-3.3678756476683946,1.2343038970814568,-0.8599678484382256,-5.1372774871147335,0.9163288482886722,0.7175204932336143,1.5498169215306223,1.0233498085296278,0.10581158636870924,1.1831673336657689,1.8812211435493165,0.7088779247226284,1.540239104694252,-0.9155829493174727,-0.0014427899609148476,0.9863151415332672,-0.3786346154665221,0.062119455880194074,0.5917547264885359,0.5625349211633379,0.26141057144351
2015-01-31,48.2400016784668,-9.442460552041897,-5.373744691899862,-7.3437417862587395,-4.685216010004146,-0.829940631347692,-10.66288863524255,-2.3433122321964595,-2.1546423762413447,-3.1200559308046216,-1.8093013670399172,-0.6350601454520377,-0.26207952193080253,-2.9058527154490643,-1.7085276121497905,-0.7118876778543726,-3.770651884689369,-3.4526461909036077,-0.4500732043461242,-1.5904096587459726,-2.250057836755548,-2.7692079555277416,-1.7091394482394162,1.3110323130138601
2015-02-28,49.7599983215332,3.1509050376855585,0.719393417030223,2.479291955066376,-0.9919685123131794,0.655795349654964,1.6943393454064593,0.36596922829206235,-0.08961350145808566,-2.057204617826447,-0.2603958969106479,0.0109844050354857,-0.354652101154429,-0.7588529890928175,0.2419864217413359,-1.3458988444781217,-0.6633643979445547,4.257173352042254,0.007024433413072018,0.016943114578893415,-0.5088454138359677,0.43261460288173126,0.456552653244513,0.8981689192377074
2015-03-31,47.59999847412109,-4.340835852635861,-0.35665153277770756,-0.8414991972540586,-1.3327423961607021,-0.9222626876621121,0.2530771106314944,-0.5197609072635334,0.178338379431775,-0.09970142444634122,-0.34230240453410055,0.22284331889139697,0.4134573989693413,-0.7782462992171002,0.12401124967638122,-2.7025989112798743,0.47507425116204427,0.0899260901086496,0.2223325896437256,1.516803419323165,0.8594583632469455,-0.022222757214529487,0.5305507846504964,1.602227559674363
2015-04-30,59.630001068115234,25.27311550342708,1.2608696770599392,-6.9984925464798176,-3.745060050726645,0.5967649521794627,2.861267055344996,1.2971713423738374,0.7830024944355918,1.2647499344111246,0.3754328669163032,1.4563638775616061,0.27973868416695247,1.662779758278754,0.36555127872104354,-0.10459425323650073,1.2509328642611228,0.11931636171775839,0.37359515529307163,2.926238591777097,1.4421131309669155,0.7977890850894731,0.12023590811753859,1.1911934528292312
2015-05-31,60.29999923706055,1.1235924147980025,4.523670236702371,10.583821101605873,-0.707070230929141,2.2879024202169695,9.067702917191166,2.507761073611814,1.3164885134240967,1.6480620236067889,1.302017959545454,-0.10687769326102048,0.22237649356293687,1.4863139980144657,0.8546696845780577,0.3634998715897231,3.8555497660486493,-3.065930492024438,0.2092482676266716,11.479430642854771,4.086945976574108,0.7212766504831158,2.5843538190173154,6.898875754079992
2015-06-30,59.470001220703125,-1.3764478057361251,2.0474074701607003,20.03202953231453,-0.4149200305730516,-1.2010314135677103,3.481073637980381,1.262262490844468,1.0847411012473884,0.4722959496031631,1.937892738924396,0.15678887282744025,1.2359844794476604,2.161183934710298,0.7563271243122394,2.545125287876693,1.7828419582394117,-1.1257526699249731,0.8978448431939956,7.911517492896181,2.0952921211809583,1.1174988460114,1.6750043436939643,-0.33302905591484633
2015-07-31,47.119998931884766,-20.766776585366852,0.35523900123437535,7.032857692046757,1.126000505317748,0.7066616954678251,0.15605102645497304,0.16532857103863652,-1.7381585551696888,0.3922172115732314,-1.7837135302290141,0.5792959239045548,-0.21792249079705117,0.5088606036564025,-0.26904843219087704,-0.5816185503685456,0.6748597706046411,-23.03438568268651,0.9645672823606288,5.643405602283491,1.2996712651765385,0.8083374231357743,1.09665484786996,4.320946929271363
2015-08-31,49.20000076293945,4.414265446103838,-0.38856260990938196,-3.021275696689274,-1.7163922293299883,0.2737933290858141,1.7708258689509426,-1.6216202188025886,-1.6684621277033185,-0.7104420637628284,-1.7780819834207873,-0.3765345264929998,-0.7672516641207716,-0.954046531884345,-0.16100554755235086,-1.640183036317644,-0.4389353357707737,-12.525514369693013,-0.540876194661577,-1.572062686244946,-0.42722525779963494,-1.5600389472779863,-1.0313706256113497,1.2681867050582385
2015-09-30,45.09000015258789,-8.353659647597967,-0.1494829360735861,-2.8997189603712337,-0.25229027771116463,0.3005220497320993,0.4726114661802505,-0.5178381116187736,2.4897510152770863,0.3736779629380349,2.3553642220019766,-0.07286955782072058,-0.4983209057417892,-0.1473710245893156,-0.530884551794375,1.4408118798276526,0.8001897917727208,36.64488805404207,0.38245380149763974,-1.8926113383869403,-0.28174750554755823,-0.5649214164672678,-2.26520363126953,0.5253142701805213
2015-10-31,46.59000015258789,3.326679962128831,-0.708209600318499,-5.909804801435947,-0.6001038641303302,-0.7362131251391069,-0.8016584338444765,-0.5018389713428051,0.7758040570025049,0.3126259299406575,0.4331100159957746,0.2780709818743121,-0.08765701686656024,1.5085680472558538,-0.27059945669707375,-0.8020898843790869,-1.0392456826807117,11.341729871234296,0.10351587153458741,-4.812473747679635,-1.2397175972764352,0.38801860002450894,-1.192322383498856,2.493714553002402
2015-11-30,41.650001525878906,-10.603130737346833,-1.935317318232077,-2.518122853872573,-2.5310087269490467,-0.6217982993255933,-3.511600798494663,-0.8383737029293403,-0.22809511045219777,0.5545410377121307,-0.22828861597116168,0.5959118073161962,0.6243095015413536,0.0806621071111513,-0.2917276630258314,-2.2189493396796878,-1.66120405397705,2.221189526936085,0.04321723775031483,-8.876710378818887,-2.1296335176427594,-0.5395234634419155,-0.6289660717840873,-2.6644370917596083
2015-12-31,37.040000915527344,-11.068428430878141,-1.4614308558754119,-4.349315068493153,0.7107264100375321,0.1969921810592412,-4.883307212512666,0.5192505000675363,0.9057520530597829,1.4902278950494674,1.4593390423979669,-0.24724764706874902,1.696055127407714,2.4080922193324694,1.8430617465064136,1.123180816151459,-0.7985942725423412,0.8349612451950428,0.8889640584678116,-0.7798922912899631,0.45826590755835284,0.05274329217037632,0.4154809444800067,3.181330334543353
2016-01-31,33.619998931884766,-9.233266466278344,-5.3605235400842055,-7.866605288732032,-4.163299099134621,-1.131127663260001,-9.651078242398835,-3.0268838730851733,-2.6225513025895153,-3.6164056209993745,-1.938902650365748,-1.775346483003648,-0.29765808253523485,-3.4711498080401526,-1.9347101685974866,-4.4369038342030205,-5.091834855978316,-4.446755735697394,-0.4030865215875479,-2.528103155110528,-2.9024875702071795,-3.6565878801967266,-1.3949934042178147,-3.638474318740148
2016-02-29,33.75,0.3866777877614469,-0.1768803958937637,0.22206184422361996,-0.9759960507641385,1.7896876149762653,0.12031491421373719,-0.41227122083565826,0.07462297147500241,-1.6382977935595178,-1.177900500656004,0.22793887563552495,-0.9790006438971655,-0.7999040800246604,-0.18620067065197032,-0.7751937984496138,1.390721034337905,4.251780658945026,-0.09986614827041107,2.3396771940026095,-0.49628574107992707,-0.2648417788856161,1.138619453380163,-2.109528984839837
2016-03-31,38.34000015258789,13.60000045211227,0.47987485122600315,-1.9941283997119585,-0.8994132003946609,0.16265480175907676,0.945148280989283,0.4710115084619382,0.3092439352527121,-0.13668442949402726,-0.6518118526729344,-0.12287580950526289,0.027408945664553208,-1.9010619010618957,0.1662659382410503,-0.2652713049267619,0.3293532088846085,0.7157772725778999,0.9439621728300818,1.0945607354942988,1.0602424912695918,0.39869856255168035,0.45801215344378754,2.7579043239032153
2016-04-30,45.91999816894531,19.770469447548457,1.8111928311269843,-11.922794325439433,-1.8811767048491412,0.3264997508291456,4.765452519770608,0.9639231506894719,0.6533081187625855,0.8984666696571608,1.0338063239662576,-0.8543062310727767,0.32811820643625644,0.06477276727567816,0.34057371307754103,1.2652154412608363,1.40160058920622,-0.005783998789810063,0.33185805426887427,2.5959275435289086,1.4157168170222834,0.7712726092920841,0.31719392140048264,5.765885209696853
2016-05-31,49.09999847412109,6.92508804873242,3.2554879059664588,16.30891648217667,-0.3786422284884239,1.9235051299179462,5.800141358125366,1.9516089412920712,1.3553996395653023,1.6391525646620053,1.164257530260815,0.4489117072818072,0.3854310947859485,1.9542381109852514,1.1053074939402219,0.4717466988031216,1.9067395415316657,-2.597239834775711,0.509094454001624,8.351213573765492,3.380513444826283,1.0679399603853001,4.095738119468351,1.5028741602604034
2016-06-30,48.33000183105469,-1.5682213177098947,2.92044758313863,23.75448275862069,1.133811160132736,0.9402413202030058,4.4933611924467876,1.7713608029116035,1.6324780317540366,1.3035904700607892,1.4828766652460246,1.3139367133440993,0.31843243513360875,2.931240920744349,0.9228755469891325,2.008324448454024,3.320974974004165,-1.1336582290720543,1.0856696456339687,8.813182028847088,3.006113141128064,1.7353219520555685,3.2597827737269602,7.764055676855897
2016-07-31,41.59999847412109,-13.92510470092555,0.32196616588038296,4.834934575689354,1.2096218474031861,1.015558015832707,1.2257170425027386,-0.5802204219438112,-2.0849834554769298,-0.4627311478693219,-1.3746416746595602,0.8287858117326019,0.38965100221668436,-0.26281913752413955,-0.33102759981419316,-1.1135342652985325,1.1217103804403994,-23.579480916124595,0.864432640792967,4.90395691694121,1.0749927210452315,-0.41658807953810495,0.1257872912697522,-0.3305073477735121
2016-08-31,44.70000076293945,7.451928852225431,-0.6024214778151848,-3.844354667233685,-0.8756860937696453,-0.8182874471574175,0.2600145942421639,-1.0369055288840023,-1.555721002684196,-0.33339712569829816,-1.8258016041010516,-0.6404401898769896,-0.5215612655303681,-1.1195885990857746,-0.2352230004026179,-1.3262869048224046,-0.5568265152234964,-11.944508265112397,-0.42564279403242145,-1.4650380946815034,-0.28458364143065795,-0.6165552343755709,-1.9554468300772454,-0.8582300513921615
2016-09-30,48.2400016784668,7.919465000238524,0.6796463050281032,-3.588961125116097,0.2668230619663481,-0.08640888017414916,1.5040960450608543,0.3539130957871395,2.854083875626978,0.2979010865983289,3.549796632793112,-0.03971811486478405,-0.09712773474844782,0.7515576721087491,0.17657302630209593,0.8785662787104798,0.9121300060882076,37.59514139461751,0.21708000652123083,-1.7624583265698601,0.11926876796044539,0.2978861186918813,-1.217966281257421,-0.260466725616082
2016-10-31,46.86000061035156,-2.8606986320467653,-1.3292718893501143,-4.282208307529989,-0.7387929535382476,-0.7292896701980855,-1.684411129219976,-1.11853738947999,0.31676941849099194,0.144004574305856,-0.32725838008452746,-0.17937016097904213,0.11039777873012024,-1.0334008097166003,-0.034859896690042635,0.40737980253822137,-1.1424208250533807,10.458693773604843,-0.1778573090132185,-7.250668886756362,-2.052341524776158,-0.5748176024055307,-1.6010480730470622,-2.302140248426854
2016-11-30,49.43999862670898,5.505757538952061,-0.7556301253389242,-2.027221316974981,-0.3095021951828092,-0.4481600308267053,-1.797660933431866,-0.07840332042103881,0.06680261773244212,0.9639421124941316,-0.3248082465506119,1.6519197525247886,0.25948117618537214,-0.37704074153618317,0.44178965223786726,-3.0953204124382294,-0.6226929906209211,2.1161826038570863,0.2445029650720354,-7.303928958079242,-1.859367545964219,-0.22672918108462836,-0.362684125616497,-4.908401062626577
2016-12-31,53.720001220703125,8.656963416018293,-0.42407364730427943,-2.0887345301570215,1.9479827887360024,-0.8523922518974825,-2.949913767187229,1.077610759120362,0.9113429316686128,1.5186307906206675,1.7966189291008794,1.1719558516678719,0.6732089904905036,2.221188032754906,2.193254231481556,1.510000209868001,-0.048931477396996215,0.7329280845654429,0.5817309758283429,-0.24430358693844356,0.25880508471238794,1.334828460223858,-0.2591408932439476,1.6246978974701287
2017-01-31,52.810001373291016,-1.693968404195434,-5.557247657538033,-9.864608313349322,-2.188652437814065,-0.4167055648439666,-10.928421640414676,-2.7608734651903055,-2.764356865860773,-3.518968652146759,-2.651507054296709,-0.7591675144866583,-0.7513348065388392,-3.040619706616854,-1.8756320822744699,-1.5102804511200496,-5.311911623082732,-5.439324112245858,-1.0171342859187082,-2.593514731163671,-2.839114240362095,-3.812267743267417,-0.9118078358367754,-0.8131409013275581
2017-02-28,54.0099983215332,2.2722910756239667,1.3971156033378396,2.9626139733392565,3.0968961613227153,1.4598851182055173,2.375374083666615,0.5485389782964312,0.32335154401239574,-1.6910245788456235,-0.33583390289225745,0.8215262726832151,-0.08463606492083997,-0.8904187626666338,0.5132679242514149,1.9837104832276742,-0.0009139204445340887,5.639032848622305,0.11856764049875679,1.2993335970544306,-0.47345222208742266,0.49298770774071077,0.80951494940531,1.0756966645171007
2017-03-31,50.59999847412109,-6.313645534872359,0.40996868504878936,-3.316106804478902,1.2349068380894224,-0.870215285885878,0.7396357134875409,0.2984885266767323,0.13613794110292066,-0.466884358755959,-0.7083574891866729,0.4291062818617686,-0.3547483404476748,-1.271162823103189,0.2705504881200804,-2.317683140193072,0.7564719214961269,0.5915663868945265,0.38172003077030503,0.6833884049264105,1.2457378376006467,0.21130169819738587,0.019308692034880615,3.3695548888919014
2017-04-30,49.33000183105469,-2.509874864355832,1.035490890810986,-10.12527839643652,-0.6974185790672105,0.10422403931704682,2.63366606804738,0.6333525794173012,0.391247368826364,0.8234861578837016,0.6804032491820822,-1.4716563769025082,0.005695069320110768,0.697573488678982,0.34614828979084855,0.6627051857470923,1.920131446979334,-0.6612250547257115,-0.011073268818606596,1.4794510330424337,1.107208614315769,0.6892135614798178,-0.34133826934779066,1.6674491212979703
2017-05-31,48.31999969482422,-2.047439892034719,4.094203412478725,7.71303782176378,0.4663217774846462,1.5837410486041703,7.490310852493676,2.567947655739977,1.5074047369243226,1.865638217347887,1.390731304816173,0.4481750479589097,1.1374211416713687,2.0571993216252915,1.538180754659657,2.4554389123222053,3.3155507185939292,-2.744636197108119,0.39578382585512273,8.648436093154533,3.4401268217327585,1.4325871236495313,3.104596264798931,4.1126855164752785
2017-06-30,46.040000915527344,-4.718540549869033,3.4396120006974007,25.902280504989506,3.4814362719705505,0.5541251072836095,5.5008863153513055,1.7970127973086392,1.8863740431205755,1.849643250896138,1.916866495934344,0.31218378534654256,0.03186152322800506,3.2998121946446357,0.9523118402616992,2.808282850984267,3.1097175288636425,-0.5269745523091451,1.3894215305440882,9.14355296982816,3.3747564381297224,2.146726024856238,3.0604773758969195,3.2991948190514098
2017-07-31,50.16999816894531,8.970454325132504,0.3264639111288492,6.07583371402467,0.12787153371496274,0.6430548419709359,0.889183695058593,-0.21740889247029438,-2.0675765103769117,0.011152242500123144,-1.6084697275492776,0.0931142561805931,0.21197639154126868,-0.16984079502775362,-0.36505593063826947,-4.579780997237625,-0.18713807639243463,-22.87795970622947,0.5465764365615966,4.209847771111219,0.2733416875025929,0.04321984190254202,1.4847521362022054,0.02011715993741614
2017-08-31,47.22999954223633,-5.860073219075401,0.378159408735379,-2.1447028423772663,1.4795345084470668,-0.13338822560724495,1.2893358914120245,-0.27561271775286,-1.2209221401106585,0.146437795411547,-1.043371522094927,-0.5091601764202647,-0.011097000110971145,-0.1231859208480568,0.08479994317072137,-0.7310291682720793,0.07281936492904428,-12.619994672909785,-0.42326474600575814,-0.9858560144651696,0.06367002933262977,-0.4508895266204571,-1.155454507831155,1.6726905942674675
2017-09-30,51.66999816894531,9.400801756812282,0.29127177494661094,-2.5085819910219187,0.8458041480498668,0.05194248400501866,0.9749537423898724,-0.15779816275065528,2.6897383102769012,-0.1400457097127883,2.9239293689509838,0.01558395298097981,-0.47626485587370926,0.5123521195777192,-0.13064096137552772,0.8601970060948094,-0.6767631508199701,40.19560424727797,0.41054134077673776,-3.643888857184907,0.17239159676052385,0.28718498542195103,-1.6398597816549176,-0.24447278911564618
2017-10-31,54.380001068115234,5.2448287114488235,-1.294040450929268,-7.046767786204411,-0.5654281098546043,-0.1911809544214771,-1.5966417600280725,-1.0998833210313363,0.13117447091861578,-0.15786679481128996,-0.5086844839260252,-1.3889816360601048,-0.3678566020072438,-1.3852868409357733,-0.41164647485369965,2.125911364889177,-0.8382445465383359,10.127206864597493,-0.3015521109153485,-7.416874214875513,-2.4409411597868136,-0.5603615986850996,-1.2865367842648578,-2.1872965133487243
2017-11-30,57.400001525878906,5.553513053412562,-0.4653386410986782,-3.093584575785535,0.5924787305972901,0.42685292976329947,-1.7265442927363095,0.27659610907859733,-0.009341239846849536,0.7263844011984988,0.5222490670781177,1.0905510033633492,0.1743821317731875,-0.33361470864203824,0.45650033507169674,-1.782240734894236,-0.7190404382907523,1.0848596115458076,0.23317590451403802,-7.687827214113763,-1.6915545676440158,-0.3576391428362413,0.1633144390148944,1.0064453656912775
2017-12-31,60.41999816894531,5.261318053632524,-1.3629532298611302,-3.4779993986168156,-1.0343576972363988,0.6363247722713572,-4.271805529556039,0.4888008056246562,0.8752297791701835,1.4114263192041676,1.5899976723306564,0.7022577754952186,0.8094239682189253,1.2265612082724475,1.885079313632665,2.5974429962360324,-1.155106639327641,1.4446732314194355,0.8259828852216877,-0.39280621195487697,0.040430862070683915,0.4972805543118408,0.4167804034434397,4.728936236503722
2018-01-31,64.7300033569336,7.133408339299718,-5.034086524623948,-9.125129802699893,-2.1475060589477013,-0.4803529123437622,-10.792865616217085,-1.9083660077738762,-2.620894016582953,-3.636063537475287,-2.2825974529281368,-1.7226134943138516,-0.5207791710224563,-3.4564255046801273,-1.728074953698655,-2.019283245406589,-3.7273476875757994,-4.956676679293759,-0.831764030371529,-1.7330394282031758,-2.7197048893103926,-3.0925331492822394,-1.8043296614282167,-1.0172177549695238
2018-02-28,61.63999938964844,-4.773681147900277,1.4987151845166524,1.3912298243108134,1.1195390016029094,-0.3217809591042675,2.724566167556186,0.9691811974982478,0.17131558350276244,-1.470392862358183,-1.277693291976234,0.8889540688262532,-0.10357320686306126,-0.3594327798551955,0.7525181865952524,1.1696992202005152,-0.4028188329682214,4.8812666879954,-0.3009889564838941,1.5765488819581952,-0.6795082408277864,0.076120564422677,0.9824686568717045,-1.8816559497146113
2018-03-31,64.94000244140625,5.353671454305697,0.6298250124060267,-0.4169953792403924,-0.9362824254455449,-0.8226962035740804,1.6645889698797545,0.3527847887383473,0.5432747304862096,0.4301386807223251,0.24646821632201554,-0.5087692815171407,-0.018450463946551032,-0.2980088848230311,1.1414726251229634,-0.6678085683407775,0.34488315874294795,0.862454199270335,0.6241519123314054,0.9625754763354699,1.0344819344111134,0.8056241186426893,0.36097762012348156,-1.1098216862927557
2018-04-30,68.56999969482422,5.589770737525335,0.8435598374575637,-7.4071978270710765,-0.49449919494334305,1.9579676329184448,1.6437596249199382,0.6321883305610898,0.28451969359346574,0.44800988262532204,0.4776442714503393,-0.62038852955556,0.17021628209630268,-0.864376029639724,0.3993690165361219,0.9997228694304416,1.4422459205961635,-0.8836975953758874,0.4031444357895042,-0.30811042561386115,1.0372958075238303,0.7900339920062782,-0.2373113150474948,0.5256950194492349
2018-05-31,67.04000091552734,-2.2312947150448403,4.1466352514802685,8.75145144533398,1.1587305563209194,2.4513596494800005,7.823748871326486,2.2929390965625185,1.6951069191768031,2.1211422730579965,1.449701072420373,0.7384831127119851,0.7791072231364771,2.382596806142301,1.585378671558657,1.989817176654718,3.5926664766790184,-2.2307233845969554,0.5359873256358005,10.84926634059582,3.1945921940840893,1.840452144908733,3.266037782655551,1.3051426472026062
2018-06-30,74.1500015258789,10.605609357479583,2.787054521506338,23.385782523180666,1.3891089893427466,0.022257728598806814,4.668451601555623,1.4911879411779738,1.510944905484446,1.066936366373361,2.0159062413668494,-0.08307372793353585,0.975802073016685,2.444603483876717,0.6295453236366377,1.46872726910392,2.9301006247783867,-0.8527819138774095,1.1721159161266481,6.886824091061539,3.3179800180004326,1.5526345477107961,2.472840835283341,3.4900384889855918
2018-07-31,68.76000213623047,-7.26904825182949,0.2465315028039594,4.602281784437401,0.681375254599903,1.0872070382350385,0.7415353132503633,-0.3303814306498065,-2.2325874340198393,-0.34516022926487366,-1.6490255048236535,-0.4303201559489267,-0.23102145257102302,-0.6160377043152754,-0.19408440074454303,1.6703818997770847,0.22866170540056796,-22.855205453559947,0.28726291546912197,5.337565981322201,0.047289284511653484,-0.30585094469777196,0.8504649121359842,-1.2708810820434735
2018-08-31,69.80000305175781,1.5125085561615403,-0.04833022365057227,-2.0594766403970954,0.7000504540867869,0.13994260780691992,0.8073401977019667,-0.6856916194158846,-1.0827746082462286,0.08917540849389116,-0.6687635023509997,-0.22709192568310943,0.049290367660104195,-0.1644653865945589,0.08698210335258416,-0.2839646879286062,0.2002891749034008,-12.44316865550552,0.2161477331334094,-2.1028255714803046,0.18423859996223868,-0.3716697099969801,-0.8797108611317217,-0.9468959673910593
2018-09-30,73.25,4.94268882149469,0.028584539020859445,-4.210011558637861,-0.6686868589542816,-0.6555549449255293,1.2515041675438043,-0.5487918502279698,2.654366866143043,-0.16427849443212406,3.5874206393628816,-0.5479575997308306,-0.5671013541405867,0.5625964330712385,-0.4164933488399747,1.366718326230143,1.15568855192969,39.57574780927162,0.01848137190763044,-3.719988187672818,-0.346546657084601,0.058267489266516925,-1.9086250325718757,0.36816127428882517
2018-10-31,65.30999755859375,-10.839593776663826,-0.46241763329775143,-5.065670394950573,-0.2929436471484026,-1.5607959664290516,-0.7404952674943788,-0.07315822256215299,0.5537599442000607,0.30516585825299813,0.2084161530237605,-0.3963165870148,0.12073694455221329,-0.5859139453548989,0.27299841123875623,0.25513373020802366,-0.3187405655247999,9.461059719819076,0.336190700378447,-6.393987086860076,-2.1400109492341057,-0.1326931848708135,-0.9346282650005366,0.5041489355576134
2018-11-30,50.93000030517578,-22.018064294852802,-0.13062817815648886,-0.6575248710615766,-0.31618015458777515,0.7144978846045813,-0.703669453720901,0.24113811044483846,0.5470451964703082,1.7709204307327697,0.4191749763451824,0.5674406656295927,0.5836512394941318,0.08862410238610341,0.7857356149491679,1.1990316246973887,0.37864436402879065,2.123056003352408,0.2668367211997147,-5.912277333898208,-1.2590627127364362,0.7244636928692705,-0.12236641814992177,-22.498703694685005
2018-12-31,45.40999984741211,-10.838406488685415,-1.7811693050316935,-3.8949854829978814,-0.8666416173406355,-0.029493116944190323,-5.426520114667232,0.5402340971859543,0.38913720603868107,1.0441961009612921,0.9808534140653746,-0.4274365444054351,1.4676245379037223,1.4349105453468125,1.7045137032737578,0.8165687160940349,-2.2298750910027865,0.09197770203690503,0.3378850360453045,-0.9920111442954127,0.35609537440073336,-0.18173997204000703,-0.43099976552753994,2.248154568943539
2019-01-31,53.790000915527344,18.454087417471786,-4.513568694229997,-7.969994111472389,-3.05287148110045,-0.7223958665561026,-9.043243817128632,-1.9653039712475118,-2.1309978680052244,-2.6242722607795033,-2.1999169460453105,-0.42357059177314804,-1.5444396044721365,-2.622774525032856,-1.4524320721053252,-1.7796586418542093,-3.667435197768276,-4.361718890532773,-0.5863013938715578,-0.9983975896337149,-2.4789103677403057,-2.4550837992839303,-0.7598513732871015,2.9926070531243854
2019-02-28,57.220001220703125,6.376650393745686,0.969630358847895,1.3102987815055922,0.5184030545668739,1.4063127459641889,1.2699408774468068,0.8025287103188727,0.1846215477607105,-1.025265679495324,-0.6151679284168265,-0.6002730856097593,-0.47043765449553687,-0.6960208874436713,0.1114057853160988,0.14552302687895757,0.26613662672756444,4.759224766077508,-0.12575782803302404,0.32658510413039465,-0.8375944114907274,-0.26451763727030064,1.0148243144841418,-2.165374368622608
2019-03-31,60.13999938964844,5.103107491526604,0.05012941073314625,-1.4663481341131934,-0.2975168205604839,0.1488979178051908,0.8384425208473933,-0.357266780615062,0.3645921887902803,-0.24725910346681257,-0.3260303235554596,0.05846033336789347,0.6334775197044173,0.12837234845883838,0.507020526712898,-0.6467789269738122,0.2029396551510798,0.8603352266321806,0.4372743266328305,1.7188276915482303,0.8864026059079988,0.8259261446690314,0.49940062958548914,3.79407585999052
2019-04-30,63.90999984741211,6.26870717662924,1.1297383473473976,-8.31591561463646,-0.958542528991857,-0.25543895167221553,2.176988310747263,1.082994776552515,0.29029919029159856,0.37941286022453724,0.048221615567878295,0.4812244745241667,0.920189873588706,0.12649375758448933,0.3264109536908366,1.8420801070643256,0.15140251086120937,0.08583092825045213,-0.05218783715832398,1.4844068702612123,0.5837031023413264,0.5731377599118348,-0.16111952195855261,1.4172188635287464
2019-05-31,53.5,-16.288530546497316,3.8655467407268773,9.32247180765373,1.5110670056422082,1.4358657215800097,7.088675668713451,2.2366911771273035,1.4254849610625175,1.4728646737422801,1.1566303459049632,1.3284868483239176,-0.15901613451586583,2.1825987818530956,1.2187560247398643,2.368191332588676,3.3179282554119283,-2.743613871453632,0.8406189417188736,9.25298967000141,3.200863195656911,1.4520714496325304,3.4812764888960013,4.939348804869814
2019-06-30,58.470001220703125,9.289721907856308,2.1705304215642984,21.795584718901196,1.6165688225956876,0.7542774959550469,4.175894947582082,0.6060950208230054,1.3658247935662615,0.7982943804076381,1.6205237067768774,0.8850708254536377,0.7006244754701019,2.531679499293027,1.273474178403755,2.770034843205571,2.6157184185149562,-1.217247445786307,1.097596476841245,6.347711074952667,3.043749514922478,1.4895945461069315,2.160250764209115,-4.375249682517513
2019-07-31,58.58000183105469,0.18813170524205614,0.587837222316212,2.5385229996575776,1.3914992586274488,0.8944779755162946,0.8787375323592972,0.21361226149267942,-1.6277044740591662,-0.09701280097456078,-1.65440265517649,0.4158167268162538,0.9301960241342444,-0.9375388054141287,0.5777467368949685,-2.0966979238229544,1.0636033649177312,-21.224597867587814,0.5529973346697581,5.478210037817788,1.7134542989531987,0.521475049628517,0.8455916225233118,1.117111609265664
2019-08-31,55.09999847412109,-5.9405996042300675,0.09085592817950072,-3.945054211100474,0.47148817122260045,-0.8342624274345511,1.252546586343195,-0.5591346472234249,-1.4152505619426492,-0.4119915354530379,-0.09470639080791932,0.026508767426025592,-0.34466884486472615,-0.7996173448349797,0.10916456760723392,-0.22782987487582895,0.11956849467984476,-13.333636959848427,-0.04907769666457895,-2.1531979867669526,-0.5118777132758545,-1.0268124849424853,-0.8863606075362851,2.651918484157356
2019-09-30,54.06999969482422,-1.8693263299828011,-0.3900123993502036,-5.750376636922006,-0.3685079080726128,-1.3127083817942142,0.5851566377045536,-0.8485837539219165,2.4867975078042948,-0.295780032743409,2.7239995965019803,-0.408963726089151,-0.23758911246237746,-0.316239969938914,-0.3222901176480053,0.689617376531082,0.4725303650472412,38.77291483176346,-0.009820358938883444,-4.092820297938127,-0.28470250091608973,0.04228750528594283,-2.0863319086753096,-4.021871441473279
2019-10-31,54.18000030517578,0.20344111516998886,-0.743110670480085,-3.8363171355498715,-1.2405577868331852,0.653692340328571,-0.7516130938629906,-0.705881762136995,0.3655017333120236,0.0793877142723387,0.7601652270361026,-1.065543233772459,-0.12047057824551288,-1.4027421022784092,0.170681307104803,-0.31931492434413844,-0.2314359324019466,9.50471308712888,-0.18198054138376385,-5.618864536190571,-2.380227809398039,-0.45963783096409916,-1.3209999697711639,1.4919215991108459
2019-11-30,55.16999816894531,1.827238571785239,-1.2301187563367288,-4.137684124386254,-1.0681403276158075,-0.28569421352130364,-1.9386433105618495,-0.7589464647192679,0.14857698019425936,1.0944900142274117,0.22440490842006167,-0.012740765068786075,0.38682098769531326,-0.0006766701064031544,0.3085230633882885,1.0274471260601992,-0.5330902377635227,1.9799939551672585,0.37107266700420194,-7.323279082091982,-1.9445528917945376,-0.11544006394701434,-0.06704360460028091,-2.1122715316991947
2019-12-31,61.060001373291016,10.676098241491584,-1.7552829240883083,-3.0784826335165105,0.4630740918546872,0.14247356019507773,-4.498507704367216,-0.26124463543919507,0.5050023588311969,1.2818908117367966,1.3786956061012212,0.748969282348666,1.2402823815856445,1.6060873654686114,0.9139518285085302,1.697999333411393,-1.6642149968412623,-0.17599293586736398,0.7475389365998009,-0.9128644999052637,0.16533461701979668,0.12396908275382756,-0.34271230558762245,2.173293845937385
2020-01-31,51.560001373291016,-15.558466731636056,-4.43799528641099,-8.438841792359353,-1.383316574910154,-0.5104553449286731,-8.956658872990042,-2.0622830032982264,-2.228987146469341,-2.657961647837914,-1.6977498604269115,-1.0669005078738691,-1.3340949015015258,-3.959575105724089,-1.4521159375118664,-1.1426243157540483,-4.836694021101994,-4.344600433726297,-0.5865937884067973,-1.523057935997496,-2.585891977027599,-2.913234530633657,-0.606049420799204,0.812470191513226
2020-02-29,44.7599983215332,-13.188523798760665,0.5130934526568431,-0.7334816328984584,-0.03129495495041157,-1.100006285750199,1.7639297009996335,-0.026477057890195166,-0.2681223864769877,-1.6109685263692053,-2.1456414156829973,0.20085170212584824,-0.7421037223085514,-1.3144071645765365,-0.02534247825108915,1.9120493154612506,-0.6355459794540885,4.340643262393207,-0.35653215464866994,0.31631269769543113,-1.3634617157962658,-0.5555126777438413,0.35111608228370894,-2.750264032010341
2020-03-31,20.479999542236328,-54.24486079039064,-6.8769019610318445,-2.5619284113621243,-2.2630306029194247,-1.0463010041947385,-7.935582015120845,-7.380510203216318,-5.179482127233015,-6.596731886999296,-5.1522814086797375,-2.741644646563157,-1.0827742403030083,-9.602709501524798,-3.1370787519417243,-3.253855216191026,-4.8633496325243275,-1.14910058254859,-2.8284653695496154,-9.669904279279285,-16.15376405155281,-9.439739522025869,-0.28283533168390607,-5.766397851304228
2020-04-30,18.84000015258789,-8.007809698756251,-10.18803595179315,-15.499129786176036,-5.984367493064557,-1.5414876961984625,-15.56616719429953,-8.045615957697061,-11.346455742806416,-12.160804097883915,-4.435845285221173,-6.3074644791539125,-1.8702962629154607,-11.111715689322798,-4.222770510113605,-4.917258112885192,-10.036137026182079,-8.226247279092625,-7.495672006814869,-42.368377993003016,-39.277905951417495,-19.98612457276947,-2.929772754182547,-14.327106948877722
2020-05-31,35.4900016784668,88.37580356172043,4.774367538543922,7.870830115120087,-4.449768390049835,-0.768948505728384,13.167321670782183,1.710530951625966,-3.2559783776511475,-0.42768253162682734,-3.742902194854325,-5.627549385347274,-0.36490930889971906,-3.339658775895693,-1.2169970829230214,-1.721303641403038,-1.6258560949323764,-8.519637643587819,-2.4645358280702467,-4.959778273507743,-11.246958730547352,-4.901460747511022,-2.2592117563848935,-6.107605545347683
2020-06-30,39.27000045776367,10.650883630671547,9.326513200334862,28.90995260663507,2.4768674269217694,0.5801531735857735,13.91182651823728,7.671292088337589,5.7728953618019,9.009689408016985,4.907221268190898,0.7658729897070282,0.06113296073966268,6.2654929704887286,2.2669286651575193,3.0331910258779127,5.238396748733654,-2.9223788486997027,4.989443525307813,23.319084164929983,29.23122015137669,14.063254207472076,1.5955296856810186,10.44905633089883
2020-07-31,40.27000045776367,2.546473105024627,3.212376287274865,9.415996614473121,2.36705649958473,1.8211081880422864,3.1644374344979243,3.3050967183327673,3.5710152746813995,5.830742861642224,-0.6292119138238017,2.0988950945075358,1.0492447175741493,3.7259651198923827,1.7086240453699997,-0.18499641333484806,5.140794324851861,-15.35627168794871,4.548901742727751,28.4915041124018,24.561539262014477,9.622641065849136,2.255147669500457,5.073981930077265
2020-08-31,42.61000061035156,5.810777566397474,1.6008120030045703,-0.45687487913362856,1.314043878211102,-1.0102144800083424,3.815507047835154,0.4235386191259849,0.3529334867504952,0.7172012086686941,-0.4355770447102447,4.35408201197236,-0.5276367849914254,1.3817755014938093,1.0214827295703444,3.712459338830465,1.1965090839406223,-12.00628868037532,0.7566512323887054,5.330466477537965,7.3957646070929695,2.0618468262699974,0.5546476279781887,6.257009782540979
2020-09-30,40.220001220703125,-5.609010456263208,1.3438833411522966,-3.4799290900701774,0.6969282131474852,-0.5552493353219612,2.7770457496076206,0.7189879561933177,4.995722540075476,1.5580698789657177,6.095534684508541,4.187459118840198,0.5243985264154372,2.276563619509475,1.3249349536225363,2.4918397490836908,2.563296674105464,41.43576840483665,1.504642720503413,1.9641936322453368,4.752634618088836,2.9416152722764544,0.5042481300204127,4.011713352708979
2020-10-31,35.790000915527344,-11.014421110697159,0.2224340860776497,-1.247924319428373,-0.06716855007281586,-0.3553874619955488,0.658463447030222,0.03554216867469595,1.542961818756683,1.4443316301203213,2.593706340230195,1.5945766708422404,0.39486417245724326,0.14604433573575104,1.063816521007177,4.313634786631204,1.186789910234265,10.096600378894216,0.30570179879589876,-4.642648165175956,-1.7522530327639396,1.0971761238145472,-0.11922017233702009,0.8224188416368072
2020-11-30,45.34000015258789,26.683428311725233,-1.1622488220799476,-4.0840764331210195,0.2274511490853559,0.31984424975664005,-1.9536649597110989,-0.8142353688213921,-0.3147920689458017,1.2207841551604481,-0.6578102647971651,-0.8462799367538465,0.4994901774182603,-0.1813999810300726,1.0974502507385298,-1.9904485758144297,-0.3129850793550215,1.9885347450842028,0.6029714844332901,-13.723745573126688,-7.51475109912525,-0.13204945191400697,-0.4758513013529475,-10.421450314715985
2020-12-31,48.52000045776367,7.013675109117257,-0.9846761319915909,-2.863441974128089,0.48230389974086574,0.3693798007142979,-3.9365686432769387,0.8513440036914011,0.7456838899425389,1.2740134985328666,2.619942530461339,0.06817490227288836,1.4381297144032024,2.558072319685789,1.1372050447518323,0.8814367506047471,-0.14808600428368734,0.8183776022971934,1.2619923116697462,-3.0877713484487535,-3.0488009320961296,-0.09097985301699252,1.008812947072335,5.414104684915255
2021-01-31,52.20000076293945,7.584501794016263,-4.02127788086466,-5.389811042139514,-2.6113745087989026,-1.6898067283554474,-6.877004794603636,-2.4353470476567662,-3.8069433902206073,-5.655549422240524,-2.9307706106185605,-0.9833304580980751,-1.3318574924485405,-4.255425928642575,-0.06576955915288396,-0.38123495976332133,-3.6586297324133765,-5.747536881244586,-0.7091845515538431,-15.296467344296328,-8.533356388669745,-7.0583711918084,-2.1492514106450145,-0.3471643923327772
2021-02-28,61.5,17.816090232058546,0.7802747023569978,0.48268686051216037,1.8595981469806233,-0.12312930229483321,0.6755638507673467,0.7946117235052785,0.39951999692002804,-0.8645625652778599,-0.6589759921992289,0.33339436212120876,0.7472954635151074,0.8971376269600873,0.7732506010202034,-0.012121526966069052,-1.0775634249471477,4.4269713598436455,-0.05305065119555197,-1.2321840787706595,0.4606841141371776,1.3072493114297146,0.3418198430662267,-1.7589535414910262
2021-03-31,59.15999984741211,-3.804878296890879,1.2460854481413097,-0.7939019128433755,0.32616242458167743,-0.005791729410398183,2.3292515044364137,0.8188202132551226,1.938113164734201,3.1732300826961213,-0.6158522587845994,0.04591381741017031,0.9927595630248032,0.21299892901101014,0.9428696109789136,-0.6286639591974619,0.4130128432033864,2.3079603107417856,0.9969834418956713,9.847611409093183,5.999889444151063,2.663720827270799,1.352004297332976,2.2089484528287517
2021-04-30,63.58000183105469,7.47126774009943,2.3458569292979847,-4.882716228362671,0.6759547861354243,0.7355922386330649,4.7490775672650365,1.291052096812706,1.2147418900819273,1.3295137633052345,0.7642312685681496,0.8157729838816463,0.5252412004830065,0.3888040387767244,1.0467397336704654,0.49583031971904834,3.6073786443929112,-0.560702027927451,1.3261229281990028,8.294544458895192,2.4110609222835144,0.6671788612950369,0.8399228346974041,1.8789900798200865
2021-05-31,66.31999969482422,4.309527815130099,2.4673026862073844,9.513793629019961,0.29414429056340285,1.8719608358522821,5.062924165471894,0.8858764648600026,-0.6784214463156801,-1.2762285788032735,-0.4794068476529634,0.4362467026169048,0.08866853165705457,0.791280030507191,1.5381316854539806,-0.2497268612455139,1.680672268907557,-4.698769179606376,-0.07156809286205101,-3.003966310067474,-3.896020879898332,-2.1267702289600066,3.2625977881349577,3.3764404330557163
2021-06-30,73.47000122070312,10.781063870295693,2.7186668271427017,18.479652619272958,1.7889116170337171,1.3424929246994566,3.9449817767439166,1.7132806650830057,3.040439040690157,2.343312302697731,2.386077222857619,0.5607351732032528,1.662085336839958,3.6884793643787273,1.9593210206865885,3.6309741129018303,2.5020676940949116,0.550458170673207,1.3927697627124314,19.060419449784405,13.661047559673655,2.0877820343657483,3.493890955408374,1.4557242096242762
2021-07-31,73.94999694824219,0.6533220628337277,0.9011222168851418,4.46846000234935,0.013049242621954171,0.9332633186938999,0.1771284176497856,1.4291296569881151,0.22640910876670084,1.6066184373361159,-1.086690913040167,2.158493705958331,0.5788228999326073,1.3736483019441748,0.8320834901547558,-0.03774692781948197,1.3262540652409616,-19.743674185478465,0.9922614206824498,22.35444365892039,11.012972482942551,6.98754758371507,0.9660486657209644,2.2358532693166344
2021-08-31,68.5,-7.36984066687204,0.034408656069806476,-4.2098634942766555,1.5020328067346211,-0.13164014157227566,1.7533196945935137,-1.2276295032973783,-1.1625475685813624,-0.514452291311529,-1.753101782381139,0.8764338559695828,-1.2606072813854174,-0.0869861909421843,0.26353673805292743,2.1716875052446127,-0.6104366305745956,-13.94390494109421,-0.579378875186487,5.621495884528205,4.45541414078241,0.4130012722695753,-1.9457573628819502,-0.04774126267175216
2021-09-30,75.02999877929688,9.532844933280105,0.48887676737163765,-3.3266815353914736,0.8144586986142954,-0.4538494324908826,1.4889872540131188,-0.09841767190048589,3.1762401867278856,0.11560388951850076,2.300327819997028,0.17858594694006857,1.318547675247328,0.8064485865571847,1.0525921941865635,-0.6512919068972889,0.007828698295431202,38.48866945778469,0.007434156092500643,-0.9331676878335249,1.9354860783227013,1.184311218311973,-0.898990092303753,2.3109677812744644
2021-10-31,83.56999969482422,11.38211522653496,-0.29178745166275055,-3.9365680703288164,-0.09180441579239584,0.22597705341780294,-0.3307900074618231,-0.2332183023186274,1.015521214705295,0.36094417428025327,1.5787036916618424,1.0469372677204047,0.145588212517489,1.2537877941822373,0.6952518124125229,0.9010870913074065,0.2347202499116241,10.5647040840668,-0.2227786717986069,-4.714420076097648,-1.0748988873412024,0.5715346999107807,-0.9664237033255585,3.5424454428967245
2021-11-30,66.18000030517578,-20.808902061926727,-0.668687606765872,-3.721212427636067,1.3124779849812862,0.6400113920445483,-1.5442407307332373,-0.3024103771223863,0.27967606587255833,0.9973359817809113,0.12828703519955909,0.9793142031024438,-0.28972208331830007,0.36839047920174117,0.6377782006344646,-1.20847159067633,-0.34472743957202345,2.349600370339089,0.04819636154260731,-6.068219801913566,-1.3435912225492563,-0.12964933756993702,0.24146254405545964,-1.71749988807951
2021-12-31,75.20999908447266,13.644603713594506,-0.8489420035428963,-3.324143363528953,0.6066713695455084,1.0800782938850562,-3.485975861721202,0.790725423905636,1.236537760942369,1.5836585704273265,2.409908153179474,0.6146377586703444,1.7797039557019279,3.2139665050037403,1.4273226419627028,1.5715707414164948,0.18587838557642122,1.423063174181305,1.2349424450444735,-0.7602625493075998,0.38776019052695343,1.1954279788479294,0.579112208382293,2.0699460876977716
2022-01-31,88.1500015258789,17.205162344002424,-4.024223879389921,-7.61020125478693,-1.4349106498918185,-1.024209290208189,-7.028098708898267,-2.4213634264081185,-2.78231967709226,-2.4323333273794545,-1.8560137843203317,-2.645251685993577,-0.1959521841112366,-2.7288213791390126,0.689749577405685,-0.7634211063482388,-3.9096483540927984,-5.447995307766396,-0.787748734080651,-8.456635876126573,-8.99631723192874,-3.1036840707314495,-1.6153229048061934,2.0184053577632977
2022-02-28,95.72000122070312,8.587634218703698,1.6196938616684253,2.478172678366697,1.131103308451764,-0.6042272334407128,2.53053511040382,1.2446025565633567,0.5981454193188407,-1.3985762965691095,-0.043381740231152044,1.4898835757205742,-0.5554184152061215,-1.0792429975080342,0.484677951669954,1.5459930886950746,0.10022984178186256,4.3872304220767155,0.5710747307898334,2.1066006528358994,1.8814014092394027,0.059100620750918154,1.2988422730594529,-1.0929713009108055
2022-03-31,100.27999877929688,4.763892081530274,0.5442794122988426,0.36718301778542184,0.7727672402964458,-0.5367546501608644,1.2212346799994611,0.15113356723674976,1.1270560499890392,0.7188906941753004,-0.2927311048435577,-0.316446092428746,1.2409008494886242,-0.3267889481895714,0.7403774518661255,1.2866738508657605,0.8610118922820265,1.092008384967036,0.4461472021828561,5.955982372351887,5.3950394900928345,0.9229017585650201,0.786559800735942,2.2893914647745817
2022-04-30,104.69000244140624,4.397690183278913,1.829197222583856,-5.3646964673602415,0.25029541839720615,1.3471411994722793,3.34856832890722,1.2039094200861244,1.1702932855466752,0.8094720702315872,1.2852883059060183,2.704004251126446,1.2023098301751522,1.4642702516679762,0.7776115723728383,-2.075883750509977,2.0872886790289646,0.8247877191232211,0.1548508688275385,6.042369483604193,4.515431822842997,1.321831003540419,-0.48137981034472865,5.2712527100563955
2022-05-31,114.66999816894533,9.53290237348574,2.4225955860130988,9.332246081362694,1.6526993758237296,0.8743932181591418,4.559562525327565,1.0136014735306453,0.8279139839996175,1.0317987044162313,0.2835635239006207,0.6092927245975321,0.22004645702724535,1.720314813599133,1.7015605821497415,-1.2686664706074602,1.811495387653106,-4.063726266960055,-0.11326713719572723,9.248671914085914,4.077828177241738,1.264495142476596,2.288571108903348,3.2385540189284745
2022-06-30,105.76000213623048,-7.770119625874228,2.9257627366764627,15.839341454655953,2.755054112765909,1.3806828782884528,4.711584511414224,1.488293202075286,2.0451334861392167,1.3219934771576236,2.588086557759417,1.4139660958840006,1.5561331934375255,3.7951174388962894,1.2436121130199096,2.156231641830564,2.7988955205065613,0.4724476397828914,1.3086230000104226,9.724533314689232,4.823865925388771,2.5263063090109394,2.0626051657239186,4.78543681319461
2022-07-31,98.62000274658205,-6.7511339310028955,0.4811366189890087,4.743054727554541,1.1737033316033374,-0.3657751058217307,0.7198485599217319,0.16889273168869678,-1.6251587892128216,0.05520060832751028,-1.403376384419286,1.217824449456728,0.8895814672572611,0.09879238400529733,0.86356491722821,-0.3790547928562704,0.3251994175180739,-21.40974871102288,-0.05073541770223011,6.740517016165515,1.9204915720512972,0.777795672161874,0.8842740395385018,-2.7949156725181057
2022-08-31,89.55000305175781,-9.196916895379603,-0.6924196868992816,-2.8207813496038625,-0.47768302554545006,0.9720543981036167,-0.7332041669609879,-0.7679212021999615,-1.5845329633337846,-0.9073319944535752,-1.0704954023116997,0.6659064756273425,-0.5340289939676945,0.11698449179038395,0.31758198714137986,-2.4309536004943233,-0.34624077249536533,-13.9077523799773,-0.5488915057105248,-1.0186995388541509,-0.31471680013032133,-0.3486687029887414,-0.5282781359625344,-0.826091202031054
2022-09-30,79.48999786376953,-11.23395292591317,0.8372697675173235,-4.5285229003162675,0.4416723018503932,-0.5953016144030987,2.1727399412933224,0.1552672955974943,3.1555513452745654,0.5001593246612757,2.985262073859185,-0.16304249213948685,0.0678609376547401,0.6025072297420664,0.4629995842933665,-0.5199696684360045,0.9837163745552324,38.89534764511697,0.5297505765197386,-1.9712202447364824,0.4791262697829701,0.7467935984954766,-0.6841296377485429,0.8312844258651753
2022-10-31,86.52999877929688,8.856461321828867,-0.7573068499953761,-3.6783470749901848,-0.8530952952641946,-0.7568263900071259,-0.7902375687447005,-0.6439079107872336,0.3257268438145111,-0.14499855177203536,0.7394986677073057,0.22691868314466124,0.37939697264430805,-0.6338460062562334,0.26552971922535473,3.0867041371049453,-0.6877680298231326,8.86565156962622,-0.2131992048197473,-8.470400049217897,-2.7578957830427187,-0.42362764179406653,-0.5734692260550567,-2.955118028954129
2022-11-30,80.55000305175781,-6.91089311441182,-0.6616991804188177,-3.372990599444625,-0.1671486435792624,-0.09039914700291751,-1.3041530651984656,-0.21770474089185532,0.26573694360458866,0.6149121476127117,0.2153547057847982,-0.09791883616468988,0.6912888355453228,-0.0630993141828684,0.11286455418082486,-0.23401696623005508,-0.1642835555336064,2.7061696654611778,0.38135976925648407,-5.56815852178969,-1.6329251730177519,0.14168885853276247,0.22101783674115527,-1.6464608422910754
2022-12-31,80.26000213623047,-0.36002595225353984,-0.8269607312868854,-3.1506235334440635,-0.0014269474264971826,0.6178997594908253,-2.7465860314981883,0.4467672111050147,0.9274412547979782,0.8821988951783988,2.1850365642416936,-0.8792810172796428,2.081268103502465,2.009412219324025,1.160918955139567,1.2542759407069504,-0.5480810684105997,1.5730374164928396,1.0730128362292257,-0.19894583619533002,0.33422623006824637,1.032865212359546,0.24406016147890952,2.156908596650209
2023-01-31,78.87000274658203,-1.7318706113278015,-4.992972938957352,-8.030707246692437,-1.9249795467950248,-1.006087250591814,-8.60854960423013,-3.0221144121586385,-2.0083283340287084,-1.7777190510970708,-1.370180401372667,-3.059657567394347,-0.8607254347445026,-3.329500101467897,-0.854180535242477,0.4810167310167257,-3.8700286269600315,-5.834328240836728,-0.6406313791403107,-2.8638979823266353,-2.734883414414857,-1.7704533049898052,-0.14099657545056932,-0.9244926163627487
2023-02-28,77.05000305175781,-2.3075943089187922,1.5143260090977773,0.8909542978924989,2.63156618442304,1.361035411765621,2.5909588910589143,0.6493204290784815,0.18282373654514572,-1.0912891420137627,-0.3312734612084034,-0.29765037010651696,-0.7557911737161027,-0.9145744115095056,0.058573047412546764,-0.03842520693575491,-0.443672887040214,5.1931882023441345,-0.42779569153706953,1.3403526548233957,-0.1056636524294996,0.01096661579376157,0.38541064673609515,-3.3512583102773053
2023-03-31,75.66999816894531,-1.7910510423802206,-0.0011376571890875375,-2.9103711309960367,-0.3804078160810853,-0.25660273301060244,0.19250663511773958,0.0016281330979195374,0.35830901727011977,-0.24999571619507277,-0.4697014882298012,-0.5009933255022081,0.66152388816203,-0.3079074300322726,0.30782739713726137,-0.9497877792904674,0.3040717396443071,0.9315404995072551,0.572636445527408,1.1331608958057071,1.057834930595991,0.6193630922465498,0.6312454380446031,3.0550957107938315
2023-04-30,76.77999877929688,1.4668965735578743,1.4916193864344285,-4.952709032121594,0.4772069636165277,0.2918205764224302,3.002913100983484,0.8095597209034633,-0.205943094359895,0.8839239222043771,0.7623664046510381,0.32180406131414596,-0.5037635790770101,0.015230404137001052,0.3824014112294938,1.0939167556029972,0.9655887179360612,-0.21997737821287666,0.24165841081840167,2.6227746534369656,1.4785382246675027,0.5265509550206771,-8.198764043321072,-1.3410539379142716
2023-05-31,68.08999633789062,-11.318054935616173,3.2644037107395496,12.929993005659068,0.33378026211428047,1.7527202003108755,5.942493507708857,1.6738191047942497,1.7774844575257465,1.0669243518140137,0.45815567460754103,0.4492974473831124,0.33794340048936,2.173720575267457,0.9499255535176498,0.8045618496924867,2.3231856642177418,-2.939237346217094,0.6720620045973735,9.979336246736391,3.312392378741791,1.1328670570571076,11.522114008874794,1.7257746441618371
2023-06-30,70.63999938964844,3.745048008379448,2.8571054570717402,16.176346386644514,1.8040400333140472,1.7729482413497255,3.945868631291427,1.9758340444268718,1.559453670033828,1.020140258755653,1.5863846162109452,-0.3133983884682334,0.7155313664804597,2.9354166738876586,0.8065017505971772,1.5526447323532366,2.03528609491872,-0.15572141974977693,1.5864983507528185,8.17406262496747,3.5996674158193853,2.109934558083948,1.9220701459597755,3.1526182737450448
2023-07-31,81.80000305175781,15.79841981672605,0.04240069902177179,3.8166089126905334,0.40488636836339964,0.5878351399713155,0.42130550777690345,-0.43838989534967787,-1.9885833388328833,-0.1629208876460897,-1.7746278968121532,-0.701879803083727,-0.1914665385466141,-0.022897164792246016,-0.29789848080701287,-1.7562500000000036,0.07408976683376256,-21.58572657846617,0.4241520640594354,5.6965646335344955,0.7758672690972857,0.20278439242542579,1.1404905678077393,3.0831538468002018
2023-08-31,83.62999725341797,2.237156642283078,-0.6288219307970078,-2.9223659026189286,-0.8511598145769739,-0.5557311613752169,-0.28828995964916837,-0.8052302732037941,-1.5979333959301623,-0.6035369310519401,-1.0192534963947564,-0.9989037420030433,0.007983147218770803,-0.7261410788381717,-0.16872478895157972,-1.0218525351485486,-0.46608078109758866,-14.21064995010408,-0.18176344182491144,-1.5600147673995757,-0.7963916378148084,-0.4625442202052743,-0.303042974169887,-2.0991998261082223
2023-09-30,90.79000091552734,8.561525645412772,0.3982522486967399,-3.731666265929312,0.40717973479924563,0.531486313673013,1.2531948021425876,-0.16687054946150637,2.98343835619026,0.15286831161747116,2.373704354047157,-0.9235922311377043,0.24960236377609135,0.30126613198713237,-0.16803160070277823,0.21130098741031222,0.7382931245791813,41.01977573048485,0.5250230750882379,-4.018802536706967,-0.13826149597614412,0.40855850245502534,-0.803453569214363,-1.8622387384512051
2023-10-31,81.0199966430664,-10.761101634475278,-1.141129261741336,-2.9671811778810175,-1.257277086483466,-1.360294117647054,-1.3077205156413085,-0.9297175963842608,0.1977646056998017,0.01702547773594354,-0.045329791943338194,-0.5479779585527367,-0.19348014689278825,-1.1669440272760512,-0.04573317631609841,-3.3151607472139855,-1.1053306893736181,8.497361006389138,0.19210483103457854,-6.266801025909197,-2.6936056707487777,-0.46524873248984244,-1.0455849194689781,-1.3480991716839807
2023-11-30,75.95999908447266,-6.245368758635683,-0.8519865635084334,-3.7940797940797966,-0.42614567626040323,-0.2691017517704064,-1.8838618637403326,-0.0808826155958009,-0.5789821525084893,0.24628561721355968,-0.11160437489149411,0.29352976531595854,-0.3338882260342291,-0.7447107059008751,-0.11732658787156902,-0.5779675774285842,-0.36481628262469146,-2.2145528505199685,0.24819772413198216,-7.145588465757713,-2.342902836926697,0.08284786008541101,-0.07341505062918863,-0.155084536839023
2023-12-31,71.6500015258789,-5.674035822197343,-1.5078419010807753,-3.5664597602739767,-0.3894051694947165,-0.36699579188124165,-3.4702744092751536,-0.202753256436905,0.8880403886478483,0.6390274314214572,1.1745148948446138,-0.4406784385321827,1.5006009572304801,2.292271514181876,0.5497759505536992,2.0775992927321463,-0.9809039800836028,4.368906748030255,0.771252783973897,-1.6138287674007268,-0.4517525766800756,0.6518868238888365,0.5330194510117403,0.6569030809558507
2024-01-31,75.8499984741211,5.861823948077949,-4.471812383222728,-6.298032905141082,-2.397499575078843,-0.3060811114945494,-8.48624110295354,-2.087624579404579,-1.9971276848524733,-1.8255684914729287,-1.2298271651104864,0.011478677656340253,-0.6749392036800361,-2.7842759197211686,-0.5735349030563275,-2.8229661162359365,-3.7782520070058445,-6.197277923301359,-0.8359774382923013,-3.494344205770039,-2.424564852650457,-1.9307972706426813,-0.5602758614289716,-2.0727974922202352
2024-02-29,78.26000213623047,3.177328557141146,1.1277452581215375,1.424214609303287,0.8349215870282478,-0.1557679283618052,2.6103948474238914,0.2441486320947428,-0.021700276688874087,-1.8242948516156932,-0.7940076147116781,-0.42942123311637825,0.03270824247709747,-0.6535925050103031,0.017100744659703793,-1.4957875796660303,-0.923162558613988,5.595607895363441,-0.3034358705311768,0.5293544648507176,-1.2588100337593278,-0.2789489487888819,0.6469559861509877,-0.6876926034451669
2024-03-31,83.16999816894531,6.2739533589173835,0.322926156485126,-0.5692765808372746,0.05037130850267246,0.6632349283630878,0.8370383021234495,-0.014533728025067916,0.4757986983217277,-0.09364120500594542,-0.42230424749104545,0.5144915108900694,0.3551711882478381,-0.6973310856795867,-0.019143014681222148,1.423754854679693,0.3595381057721836,1.5788212079959285,0.9705993539074864,0.5736009194589275,1.147040799662391,0.6538893946979707,0.11358482197703079,3.20593850909634
2024-04-30,81.93000030517578,-1.4909196718397077,1.4180764444349903,-4.853342728794152,-0.40900089663736816,0.2852586419891834,2.856325931483883,0.8747577631492254,0.4340285109263098,0.6939542113273633,0.4364312285467298,0.15551534035762593,-0.38566966277809867,0.501189710497929,0.06881349497276368,2.5289716637351356,1.063004277258317,0.3058823679073397,0.29164826580962977,3.9996905733886035,0.761164086291366,0.16232185751432482,-0.3296397117447003,-0.15231946165300547
2024-05-31,76.98999786376953,-6.029540367393571,3.3694232549755343,16.91044868234277,1.1535646882101513,0.6853610464074622,5.422898433198009,2.1166882813514754,1.1127718671362974,1.2699311114184209,0.876224364951983,0.3957249418421238,0.4817315315507553,2.1836061675333696,0.7226580865668852,1.7639623075155209,2.4452698241562043,-2.7066891061534037,0.7174767285640371,9.929946039516935,3.7337591511565904,1.5688069503255297,1.3813065961687743,1.4802650303396003
2024-06-30,81.54000091552734,5.909862550988576,1.936282451833904,12.801562582484305,3.42360780580675,1.7773724251457068,3.215355508025164,0.5278058312388145,1.0126917450713258,0.3332607651695296,1.3005558274405304,0.39472146962118426,0.8200298149773078,2.5531070217287954,0.7733253884689706,-1.1002040701097782,0.4437803763865933,-0.4495215401440933,0.7078588932196928,6.948656279410237,2.787944042297097,1.3162908611308755,1.91930487067149,1.6676155565589879
2024-07-31,77.91000366210938,-4.451799377802956,0.16525393679480693,3.2525271433919922,-0.18546386676054905,-0.6396666156681885,0.23716424783541967,0.14420985776035788,-1.7351818734609115,0.164089968848935,-1.6605441637065455,0.14768102007962636,-0.05030128127891942,0.2966764891391138,-0.14162012455803952,-0.9558529682823225,0.5223252907815112,-21.700980947374006,0.7503948125644033,5.836053316462242,1.392244970836809,0.5619231786441636,1.436802283055738,1.872812087072373
2024-08-31,73.55000305175781,-5.59620126480882,-0.31890794987524673,-3.9115260843946897,0.24390243902439046,-1.220111305827054,0.1429358752813359,-0.5763859032476226,-1.4390884701258488,-0.3953335196480112,-0.7996743869242096,-0.07691328718536505,-0.2511648266248723,-0.553999108277714,-0.3440650988914884,-1.1001226933243347,-0.33576902342493664,-12.710587487666603,-0.0700720230805918,-2.8850987286327956,-0.3524903989657102,-0.5085747270125229,-0.639663574491478,-2.991128971112289
2024-09-30,68.16999816894531,-7.314758204736638,-0.012585297319855915,-7.3561320754717,0.5183539617052757,-0.8358262134697148,0.9128841237755037,-0.5405309721085994,2.4870146314168062,-0.36211194486508447,2.1996964038570432,-0.24337704337039634,-0.5490024909858726,-0.02007514797056631,-0.37447604923720457,-0.07410182756754091,0.10542374588919934,39.12402088647791,0.1876821052299249,-3.9349656278066414,-1.0900763583615025,-0.9109478526554304,-1.3083831400303114,1.1578635909403001
2024-10-31,69.26000213623047,1.5989496795699054,-0.476961800995801,-5.002418472034831,-0.799831614396973,0.5748890269554163,-0.4968495114634375,-0.39275934575281335,0.18010000790373848,0.30682475470469317,0.0657796172141234,-0.25424034594450085,0.14122327435068804,-0.9785253181713194,-0.3788900625660174,-1.4048126916411108,-0.4879848848089674,7.0937153149778664,-0.05340453938584844,-5.010383081838487,-2.6472790943863678,-0.8017004086454782,-1.0407076178923669,-1.960573298674928
2024-11-30,68.0,-1.819234908125067,-0.8446078145945002,-3.2318576481938033,-1.0922609987176979,0.6460304110629034,-1.4879013673065322,-0.37267500888612526,-0.21394623569198634,0.364114993186071,-4.370416291392276,0.447167705976792,0.20040269041494696,-0.15884120273207403,0.2574147436007257,1.2515845516775093,-0.7507970295599242,2.3137724366104173,0.15747822436249503,-6.423542974882257,-1.3818855308456168,-0.27696042050484593,-0.3923995989210116,-0.4593443647284312
2024-12-31,70.98999786376953,4.397055682014006,-1.2059410204325216,-2.2819163666574327,-0.057827729328918664,-0.15011794981771853,-3.1151417619749155,0.062259441240741786,0.7263606773960429,0.4689193349104448,6.060795091772397,-1.7873566402570762,1.1353428368520824,1.5344099816195778,0.7322690578289937,0.8830574822011439,-0.20416134933305408,0.27938191621055264,0.9872890061169093,-2.5370747786653713,-0.314274969274253,0.5192107995846351,0.7040418007143501,5.620700283042601
