,Industrial aggregate including unclassified businesses 6 7 8,Industrial aggregate excluding unclassified businesses 6 7 8,Goods producing industries 9,"Forestry, logging and support 10","Mining, quarrying, and oil and gas extraction",Utilities,Construction,Manufacturing,Service producing industries 11,Trade 12,Transportation and warehousing,Information and cultural industries,Finance and insurance,Real estate and rental and leasing,"Professional, scientific and technical services",Management of companies and enterprises,"Administrative and support, waste management and remediation services",Educational services,Health care and social assistance,"Arts, entertainment and recreation",Accommodation and food services,Other services (except public administration),Public administration,Unclassified businesses 7
2010-01-01,14311612.0,14084327.0,2461566.0,34569.0,170995.0,115474.0,716909.0,1423618.0,11622761.0,2591934.0,653184.0,328719.0,683626.0,248667.0,747067.0,111492.0,691169.0,1195583.0,1616119.0,216122.0,1030541.0,493877.0,1014659.0,227285.0
2010-02-01,14360081.0,14130148.0,2492451.0,35487.0,178700.0,114792.0,724739.0,1438731.0,11637697.0,2535141.0,654391.0,329125.0,679647.0,244246.0,751043.0,106283.0,706951.0,1249375.0,1616108.0,218644.0,1030870.0,495156.0,1020717.0,229933.0
2010-03-01,14410902.0,14172189.0,2509402.0,34797.0,179098.0,114693.0,739610.0,1441205.0,11662786.0,2529806.0,654365.0,331896.0,677062.0,243114.0,754957.0,105341.0,708873.0,1252342.0,1625889.0,220941.0,1031690.0,500252.0,1026261.0,238714.0
2010-04-01,14549731.0,14304730.0,2557231.0,31750.0,177906.0,116230.0,776244.0,1455101.0,11747498.0,2568407.0,655083.0,332480.0,679460.0,245162.0,758713.0,106453.0,719609.0,1245611.0,1629302.0,234614.0,1036129.0,506068.0,1030408.0,245001.0
2010-05-01,14783230.0,14525472.0,2660301.0,36043.0,180486.0,118408.0,836694.0,1488670.0,11865170.0,2600818.0,656528.0,334737.0,681332.0,247853.0,765037.0,107159.0,731685.0,1224493.0,1630125.0,251741.0,1071527.0,510268.0,1051867.0,257758.0
2010-06-01,15045619.0,14768604.0,2741130.0,44137.0,185824.0,120815.0,875047.0,1515307.0,12027474.0,2622862.0,668749.0,337539.0,687768.0,255432.0,771672.0,108248.0,748531.0,1202311.0,1651654.0,270522.0,1108618.0,518153.0,1075414.0,277014.0
2010-07-01,14861075.0,14570283.0,2757724.0,47931.0,191405.0,120933.0,879851.0,1517603.0,11812559.0,2626642.0,656837.0,339117.0,687317.0,256325.0,767897.0,107889.0,753179.0,943309.0,1662387.0,283855.0,1121947.0,518849.0,1087008.0,290792.0
2010-08-01,14639907.0,14345826.0,2750341.0,46267.0,192390.0,119487.0,896670.0,1495528.0,11595484.0,2605399.0,650644.0,341099.0,682380.0,253340.0,762710.0,107637.0,748009.0,811942.0,1657096.0,280564.0,1105267.0,512802.0,1076595.0,294081.0
2010-09-01,14967490.0,14662499.0,2767493.0,45772.0,194953.0,118843.0,902576.0,1505349.0,11895006.0,2609984.0,669141.0,342798.0,680909.0,253387.0,761190.0,107776.0,752255.0,1104190.0,1658620.0,270463.0,1109731.0,514762.0,1059802.0,304990.0
2010-10-01,15010819.0,14709244.0,2746645.0,42908.0,194993.0,118414.0,895836.0,1494494.0,11962599.0,2620715.0,665917.0,345985.0,684771.0,251598.0,761153.0,105599.0,750352.0,1225902.0,1651512.0,248926.0,1086656.0,515301.0,1048212.0,301575.0
2010-11-01,14953556.0,14662790.0,2713598.0,40021.0,193635.0,118320.0,878435.0,1483187.0,11949193.0,2640269.0,664485.0,343275.0,688084.0,253509.0,765244.0,103833.0,741491.0,1249458.0,1653811.0,223860.0,1066942.0,515394.0,1039536.0,290766.0
2010-12-01,15072387.0,14780838.0,2687488.0,38809.0,199553.0,120513.0,834634.0,1493979.0,12093350.0,2694684.0,672822.0,349427.0,685173.0,261145.0,779704.0,106951.0,738941.0,1271464.0,1677926.0,222790.0,1070393.0,519343.0,1042586.0,291548.0
2011-01-01,14577610.0,14304574.0,2543142.0,35532.0,199248.0,118249.0,746174.0,1443938.0,11761432.0,2610734.0,660955.0,345917.0,677918.0,251697.0,761307.0,102409.0,708130.0,1207659.0,1654778.0,217774.0,1041394.0,503337.0,1017423.0,273036.0
2011-02-01,14631158.0,14375324.0,2585940.0,36108.0,208531.0,119471.0,760182.0,1461647.0,11789384.0,2565536.0,662049.0,343577.0,682813.0,251985.0,771259.0,101235.0,713766.0,1252317.0,1648116.0,221073.0,1040124.0,505884.0,1029649.0,255834.0
2011-03-01,14688209.0,14429121.0,2603076.0,35408.0,208599.0,118948.0,772461.0,1467661.0,11826045.0,2560118.0,661142.0,344001.0,680224.0,249939.0,776356.0,100426.0,715941.0,1256893.0,1664017.0,221963.0,1048634.0,509959.0,1036431.0,259088.0
2011-04-01,14807711.0,14543792.0,2648841.0,32123.0,205030.0,120569.0,800978.0,1490141.0,11894952.0,2577275.0,666816.0,342407.0,684097.0,249255.0,780308.0,101082.0,726929.0,1251810.0,1669982.0,230577.0,1063688.0,514287.0,1036440.0,263919.0
2011-05-01,15014466.0,14734111.0,2722487.0,33521.0,200829.0,126027.0,851650.0,1510459.0,12011624.0,2603305.0,668241.0,343380.0,684615.0,251954.0,786410.0,101902.0,744999.0,1216487.0,1671188.0,251590.0,1094123.0,517033.0,1076395.0,280355.0
2011-06-01,15323337.0,15023663.0,2818647.0,43398.0,205615.0,126229.0,906739.0,1536667.0,12205016.0,2639754.0,682947.0,346319.0,692971.0,261226.0,794372.0,105265.0,761013.0,1193406.0,1688117.0,274614.0,1131037.0,527218.0,1106758.0,299674.0
2011-07-01,15094806.0,14786632.0,2833824.0,47495.0,206622.0,126473.0,918274.0,1534960.0,11952808.0,2633575.0,670322.0,347815.0,691362.0,259134.0,793250.0,104881.0,762352.0,920929.0,1701603.0,286641.0,1142103.0,530514.0,1108327.0,308174.0
2011-08-01,14904312.0,14595351.0,2815081.0,47180.0,205583.0,125292.0,923624.0,1513401.0,11780271.0,2620352.0,669971.0,347184.0,686302.0,257530.0,790842.0,105127.0,759320.0,811623.0,1697756.0,281234.0,1139859.0,527564.0,1085605.0,308960.0
2011-09-01,15235056.0,14915815.0,2848323.0,46240.0,209599.0,124025.0,940717.0,1527742.0,12067492.0,2627486.0,684690.0,348659.0,685210.0,257394.0,790387.0,103462.0,762935.0,1096004.0,1699930.0,276437.0,1144928.0,528997.0,1060973.0,319241.0
2011-10-01,15231974.0,14916818.0,2814408.0,43549.0,210240.0,125341.0,928792.0,1506486.0,12102409.0,2624909.0,685571.0,346997.0,683323.0,252263.0,788314.0,103711.0,758555.0,1220726.0,1690590.0,254145.0,1122428.0,527287.0,1043589.0,315156.0
2011-11-01,15221689.0,14926179.0,2798976.0,41646.0,210267.0,126087.0,915667.0,1505310.0,12127203.0,2658140.0,685164.0,346762.0,685207.0,252474.0,793620.0,105973.0,752327.0,1241506.0,1698286.0,231857.0,1107830.0,529649.0,1038408.0,295510.0
2011-12-01,15279197.0,14993838.0,2760857.0,39945.0,214448.0,124869.0,871792.0,1509803.0,12232981.0,2697559.0,696231.0,349266.0,691524.0,256205.0,806027.0,108020.0,750543.0,1249491.0,1713722.0,227879.0,1112959.0,529768.0,1043787.0,285360.0
2012-01-01,14782578.0,14517778.0,2604153.0,35370.0,207136.0,121317.0,776460.0,1463870.0,11913626.0,2618899.0,678097.0,344991.0,693509.0,247422.0,794698.0,105527.0,717809.0,1193298.0,1689481.0,221647.0,1079852.0,510011.0,1018386.0,264800.0
2012-02-01,14813078.0,14561579.0,2633487.0,35856.0,214597.0,120804.0,794235.0,1467994.0,11928092.0,2562659.0,678381.0,344050.0,690068.0,245831.0,798742.0,104190.0,715123.0,1257071.0,1688869.0,224842.0,1075211.0,513671.0,1029383.0,251499.0
2012-03-01,14896138.0,14640065.0,2661516.0,35375.0,217875.0,121516.0,809152.0,1477598.0,11978549.0,2566862.0,676642.0,348982.0,689558.0,246795.0,794357.0,105023.0,721751.0,1265472.0,1697671.0,228258.0,1085418.0,518093.0,1033666.0,256073.0
2012-04-01,15027983.0,14765068.0,2699234.0,31679.0,214926.0,120728.0,843531.0,1488369.0,12065834.0,2600976.0,679183.0,347538.0,689763.0,247000.0,801617.0,108771.0,734564.0,1257935.0,1703889.0,236369.0,1107907.0,519224.0,1031099.0,262915.0
2012-05-01,15355529.0,15081470.0,2822766.0,35117.0,216842.0,123587.0,916040.0,1531180.0,12258704.0,2650916.0,690391.0,349864.0,693099.0,256652.0,814946.0,112505.0,763452.0,1226196.0,1714646.0,257675.0,1144845.0,529215.0,1054304.0,274059.0
2012-06-01,15609568.0,15315913.0,2899203.0,45434.0,224259.0,123379.0,957386.0,1548746.0,12416710.0,2676814.0,700268.0,351740.0,700988.0,261723.0,825225.0,116571.0,777242.0,1206026.0,1728878.0,275681.0,1179075.0,535917.0,1080563.0,293655.0
2012-07-01,15370556.0,15073929.0,2908009.0,48153.0,224187.0,123810.0,966734.0,1545125.0,12165920.0,2678838.0,691813.0,351507.0,696209.0,262592.0,823668.0,116604.0,780579.0,932448.0,1740640.0,288922.0,1186971.0,536898.0,1078232.0,296627.0
2012-08-01,15236066.0,14951437.0,2910764.0,45212.0,228414.0,122528.0,979071.0,1535540.0,12040672.0,2671120.0,690797.0,355603.0,693366.0,263445.0,817010.0,116155.0,782266.0,830056.0,1739199.0,285099.0,1187764.0,536773.0,1072019.0,284629.0
2012-09-01,15481594.0,15199146.0,2901755.0,42972.0,227281.0,121024.0,985725.0,1524753.0,12297391.0,2666936.0,711748.0,353683.0,691934.0,260665.0,811609.0,115376.0,776576.0,1138402.0,1732645.0,272418.0,1180893.0,533220.0,1051286.0,282447.0
2012-10-01,15482956.0,15207628.0,2890134.0,40539.0,226913.0,121622.0,982181.0,1518878.0,12317495.0,2661908.0,709781.0,346452.0,691001.0,259370.0,810074.0,110192.0,774843.0,1243093.0,1730286.0,252437.0,1159673.0,533108.0,1035276.0,275328.0
2012-11-01,15483695.0,15215030.0,2865370.0,39290.0,227036.0,121323.0,966300.0,1511421.0,12349660.0,2694435.0,708074.0,345870.0,693222.0,258539.0,814413.0,110196.0,771222.0,1270224.0,1735277.0,233248.0,1146549.0,535209.0,1033181.0,268665.0
2012-12-01,15483798.0,15222803.0,2819245.0,37534.0,225320.0,119405.0,925028.0,1511958.0,12403557.0,2716983.0,712420.0,348369.0,700265.0,259774.0,822263.0,110160.0,761828.0,1279428.0,1743660.0,229015.0,1146354.0,538237.0,1034801.0,260995.0
2013-01-01,15024938.0,14782292.0,2671455.0,34003.0,222015.0,116922.0,827975.0,1470540.0,12110838.0,2648680.0,695717.0,345780.0,698980.0,255443.0,801869.0,105013.0,728239.0,1227107.0,1734571.0,224894.0,1113634.0,519741.0,1011171.0,242646.0
2013-02-01,15082210.0,14847064.0,2708246.0,34605.0,228924.0,118585.0,850386.0,1475745.0,12138819.0,2613347.0,692350.0,342663.0,692425.0,257671.0,808458.0,104412.0,732252.0,1283942.0,1725187.0,228805.0,1112360.0,524886.0,1020061.0,235146.0
2013-03-01,15147950.0,14919563.0,2725955.0,34310.0,226152.0,118284.0,865387.0,1481821.0,12193608.0,2621192.0,693461.0,344034.0,692019.0,261416.0,809812.0,105290.0,738638.0,1296706.0,1728880.0,229906.0,1123560.0,527203.0,1021492.0,228387.0
2013-04-01,15244677.0,15006912.0,2755525.0,31146.0,220500.0,118583.0,892292.0,1493004.0,12251387.0,2631542.0,694571.0,348541.0,692659.0,262053.0,814576.0,105443.0,744595.0,1289927.0,1734910.0,232786.0,1147088.0,533965.0,1018730.0,237765.0
2013-05-01,15501388.0,15264565.0,2849375.0,33603.0,222931.0,119534.0,949895.0,1523411.0,12415190.0,2673142.0,704114.0,348328.0,694882.0,267266.0,822146.0,107781.0,768050.0,1253740.0,1746241.0,256969.0,1191212.0,538650.0,1042669.0,236823.0
2013-06-01,15683440.0,15436510.0,2890439.0,42501.0,225254.0,120978.0,967263.0,1534442.0,12546071.0,2694491.0,713427.0,346250.0,703912.0,274770.0,832066.0,109517.0,782199.0,1230257.0,1756986.0,275653.0,1217885.0,542586.0,1066071.0,246929.0
2013-07-01,15505214.0,15251828.0,2929828.0,44921.0,225212.0,120982.0,1001408.0,1537305.0,12322000.0,2692984.0,703699.0,346470.0,706774.0,276412.0,830025.0,109259.0,787933.0,950450.0,1770962.0,290693.0,1231807.0,547108.0,1077424.0,253386.0
2013-08-01,15418614.0,15160436.0,2941891.0,44078.0,228347.0,119613.0,1024627.0,1525226.0,12218545.0,2694222.0,700973.0,346499.0,706091.0,277801.0,828754.0,105382.0,798828.0,851046.0,1766037.0,288311.0,1235238.0,546614.0,1072750.0,258177.0
2013-09-01,15652843.0,15398878.0,2923500.0,42059.0,228237.0,118972.0,1024380.0,1509852.0,12475378.0,2693494.0,721101.0,347046.0,698486.0,274315.0,826326.0,105969.0,799062.0,1163172.0,1763010.0,274040.0,1220996.0,541758.0,1046603.0,253965.0
2013-10-01,15707934.0,15455248.0,2912364.0,41051.0,227818.0,118316.0,1018014.0,1507165.0,12542885.0,2690997.0,718346.0,348251.0,699261.0,272805.0,825194.0,106344.0,799320.0,1287438.0,1757068.0,257122.0,1200033.0,543185.0,1037519.0,252686.0
2013-11-01,15657065.0,15411606.0,2873373.0,39652.0,226671.0,117554.0,997441.0,1492056.0,12538233.0,2716449.0,716977.0,347352.0,695995.0,272434.0,826763.0,106804.0,792362.0,1312540.0,1762645.0,236236.0,1174237.0,542833.0,1034605.0,245459.0
2013-12-01,15675004.0,15448846.0,2823305.0,37890.0,230175.0,116346.0,945910.0,1492983.0,12625542.0,2771142.0,724861.0,349486.0,706761.0,279022.0,836034.0,106515.0,777568.0,1304725.0,1783160.0,233155.0,1175555.0,544335.0,1033224.0,226158.0
2014-01-01,15216841.0,15004711.0,2675087.0,34902.0,219955.0,115016.0,847103.0,1458112.0,12329623.0,2683432.0,708579.0,346070.0,701450.0,269350.0,819850.0,102255.0,751275.0,1258521.0,1766806.0,229905.0,1147280.0,528753.0,1016098.0,212131.0
2014-02-01,15226079.0,15024174.0,2719147.0,35282.0,230748.0,116029.0,873913.0,1463175.0,12305027.0,2622640.0,705416.0,344208.0,699657.0,265890.0,818238.0,101480.0,747830.0,1310607.0,1766465.0,230925.0,1139069.0,530620.0,1021983.0,201905.0
2014-03-01,15279142.0,15068754.0,2720597.0,34480.0,231851.0,116551.0,878378.0,1459337.0,12348157.0,2638890.0,701102.0,348116.0,699215.0,268642.0,823250.0,101187.0,753977.0,1312948.0,1764574.0,231315.0,1145462.0,533334.0,1026144.0,210388.0
2014-04-01,15360876.0,15147597.0,2742081.0,31581.0,227473.0,118305.0,897257.0,1467465.0,12405517.0,2664811.0,703393.0,343443.0,702217.0,271632.0,827929.0,102772.0,759889.0,1304166.0,1769521.0,234805.0,1158608.0,537529.0,1024803.0,213279.0
2014-05-01,15709285.0,15489293.0,2862896.0,33240.0,228371.0,120054.0,974681.0,1506550.0,12626397.0,2724086.0,717545.0,346512.0,706832.0,279085.0,839404.0,104923.0,794370.0,1268924.0,1783902.0,260960.0,1205074.0,547550.0,1047229.0,219992.0
2014-06-01,15935259.0,15714802.0,2939391.0,41279.0,229196.0,119217.0,1024197.0,1525502.0,12775411.0,2737157.0,726263.0,346864.0,714170.0,287109.0,852554.0,107446.0,807024.0,1250417.0,1798992.0,280620.0,1237914.0,555209.0,1073672.0,220457.0
2014-07-01,15730547.0,15507571.0,2961654.0,44970.0,234535.0,119059.0,1030792.0,1532299.0,12545916.0,2739862.0,718974.0,349729.0,710822.0,288567.0,852024.0,107863.0,806116.0,960163.0,1814230.0,295632.0,1251745.0,558957.0,1091231.0,222976.0
2014-08-01,15599481.0,15368567.0,2970426.0,44938.0,236644.0,117595.0,1055219.0,1516031.0,12398141.0,2732342.0,706293.0,349995.0,710385.0,289117.0,854695.0,105548.0,809450.0,857140.0,1805141.0,292799.0,1253701.0,553659.0,1077876.0,230914.0
2014-09-01,15858890.0,15623719.0,2961627.0,43437.0,236321.0,116656.0,1062428.0,1502784.0,12662092.0,2733059.0,726485.0,347028.0,704802.0,288318.0,850967.0,105534.0,808935.0,1164626.0,1804824.0,280131.0,1247001.0,552877.0,1047504.0,235171.0
2014-10-01,15914722.0,15678813.0,2952293.0,41490.0,236641.0,116782.0,1056708.0,1500672.0,12726520.0,2734459.0,723913.0,349704.0,701198.0,285499.0,851752.0,104637.0,808113.0,1292792.0,1799917.0,260385.0,1226643.0,553245.0,1034263.0,235909.0
2014-11-01,15812512.0,15582989.0,2904048.0,39372.0,233816.0,115702.0,1027918.0,1487239.0,12678941.0,2748002.0,720477.0,347788.0,699901.0,284815.0,852474.0,104724.0,792719.0,1316893.0,1798411.0,234791.0,1200912.0,549721.0,1027314.0,229524.0
2014-12-01,15865472.0,15635347.0,2865432.0,38046.0,236702.0,114707.0,975111.0,1500867.0,12769915.0,2790591.0,727850.0,348156.0,708182.0,290173.0,858517.0,106337.0,785461.0,1316874.0,1816149.0,233902.0,1201658.0,552974.0,1033093.0,230124.0
2015-01-01,15439361.0,15206220.0,2711451.0,35252.0,225612.0,113755.0,871136.0,1465697.0,12494769.0,2703523.0,714681.0,345945.0,706326.0,281741.0,843849.0,105580.0,755844.0,1271407.0,1807975.0,230182.0,1174620.0,537661.0,1015436.0,233141.0
2015-02-01,15449765.0,15214529.0,2730957.0,36126.0,223374.0,114501.0,885896.0,1471061.0,12483572.0,2647906.0,712820.0,345983.0,703821.0,279603.0,845891.0,104159.0,750830.0,1325533.0,1808102.0,230221.0,1168643.0,539987.0,1020072.0,235235.0
2015-03-01,15466056.0,15227052.0,2721217.0,35822.0,220397.0,113445.0,888138.0,1463415.0,12505835.0,2645266.0,710380.0,346754.0,706731.0,277427.0,846940.0,101344.0,754397.0,1326725.0,1812122.0,233713.0,1178687.0,539867.0,1025484.0,239004.0
2015-04-01,15601135.0,15359284.0,2755528.0,33315.0,212143.0,114122.0,913550.0,1482398.0,12603756.0,2678722.0,713047.0,351804.0,708708.0,282040.0,850036.0,101238.0,763834.0,1328308.0,1818892.0,240552.0,1195685.0,544174.0,1026717.0,241851.0
2015-05-01,15908398.0,15649862.0,2880179.0,36841.0,210643.0,116733.0,996388.0,1519573.0,12769683.0,2722869.0,722331.0,351428.0,710284.0,286232.0,857301.0,101606.0,793284.0,1287583.0,1822698.0,268166.0,1244552.0,548099.0,1053251.0,258536.0
2015-06-01,16105024.0,15847349.0,2939148.0,44221.0,209769.0,115331.0,1031073.0,1538754.0,12908201.0,2735729.0,736329.0,351979.0,719063.0,292418.0,863785.0,104192.0,807427.0,1273088.0,1839063.0,289382.0,1270629.0,554224.0,1070893.0,257675.0
2015-07-01,15902234.0,15633425.0,2949589.0,47331.0,212131.0,116146.0,1032682.0,1541298.0,12683836.0,2746459.0,723195.0,354018.0,717496.0,293906.0,861461.0,103586.0,812876.0,979840.0,1856802.0,305713.0,1287143.0,558704.0,1082637.0,268809.0
2015-08-01,15682557.0,15410338.0,2938128.0,45901.0,208490.0,116464.0,1050969.0,1516304.0,12472211.0,2726947.0,710336.0,352685.0,711991.0,291102.0,860074.0,101887.0,809308.0,857110.0,1846759.0,300907.0,1281644.0,549988.0,1071471.0,272218.0
2015-09-01,15990122.0,15716475.0,2933736.0,44570.0,207964.0,116814.0,1055936.0,1508452.0,12782738.0,2737137.0,727067.0,352428.0,708443.0,290673.0,855508.0,103355.0,815784.0,1171197.0,1853822.0,295212.0,1278033.0,546881.0,1047200.0,273648.0
2015-10-01,16075338.0,15794866.0,2912959.0,41936.0,206716.0,115954.0,1047471.0,1500882.0,12881907.0,2745694.0,730216.0,353408.0,707822.0,295058.0,853193.0,102526.0,807306.0,1304031.0,1855741.0,281005.0,1262189.0,549003.0,1034714.0,280472.0
2015-11-01,15982108.0,15709108.0,2856584.0,40880.0,201484.0,115233.0,1010688.0,1488299.0,12852524.0,2760920.0,728549.0,355514.0,712241.0,295296.0,850704.0,100251.0,793895.0,1332996.0,1856543.0,256061.0,1235309.0,546041.0,1028206.0,272999.0
2015-12-01,16065458.0,15783773.0,2814837.0,39102.0,202916.0,115460.0,961333.0,1496027.0,12968936.0,2802064.0,739181.0,354635.0,724321.0,302407.0,866383.0,101377.0,787555.0,1344126.0,1873047.0,254064.0,1240970.0,546329.0,1032478.0,281684.0
2016-01-01,15564200.0,15292765.0,2663947.0,36026.0,194468.0,114154.0,868554.0,1450744.0,12628819.0,2700730.0,724849.0,348339.0,722165.0,291910.0,849621.0,96879.0,747454.0,1284356.0,1865497.0,247641.0,1204951.0,526352.0,1018075.0,271435.0
2016-02-01,15563187.0,15297478.0,2659235.0,36106.0,192570.0,116197.0,869599.0,1444763.0,12638243.0,2656484.0,716311.0,349133.0,715095.0,289575.0,848039.0,96128.0,757849.0,1338964.0,1863634.0,253435.0,1198971.0,524958.0,1029667.0,265709.0
2016-03-01,15622359.0,15349322.0,2671996.0,35386.0,190838.0,116386.0,877818.0,1451568.0,12677326.0,2652853.0,711642.0,348704.0,715291.0,284070.0,849449.0,95873.0,760345.0,1348548.0,1881226.0,256209.0,1211683.0,527051.0,1034383.0,273037.0
2016-04-01,15769319.0,15480539.0,2720391.0,31167.0,187248.0,116766.0,919650.0,1465560.0,12760148.0,2676688.0,718999.0,345725.0,717638.0,284254.0,852342.0,97086.0,771002.0,1348470.0,1887469.0,262860.0,1228837.0,531116.0,1037664.0,288780.0
2016-05-01,16035173.0,15742052.0,2808953.0,36250.0,186539.0,119012.0,972991.0,1494162.0,12933099.0,2720563.0,727370.0,347277.0,720404.0,289809.0,861763.0,97544.0,785703.0,1313447.0,1897078.0,284812.0,1270378.0,536788.0,1080164.0,293120.0
2016-06-01,16351094.0,16035216.0,2890987.0,44861.0,188654.0,120131.0,1016711.0,1520629.0,13144229.0,2756028.0,738156.0,351840.0,722698.0,298304.0,869716.0,99503.0,811796.0,1298557.0,1917674.0,309913.0,1308567.0,546103.0,1115375.0,315878.0
2016-07-01,16085304.0,15770469.0,2900295.0,47030.0,190936.0,121351.0,1029173.0,1511806.0,12870174.0,2743275.0,728009.0,354756.0,725514.0,297520.0,866837.0,98395.0,820902.0,992364.0,1934251.0,325111.0,1322634.0,543828.0,1116778.0,314834.0
2016-08-01,15864905.0,15552773.0,2882823.0,45222.0,189264.0,120358.0,1031849.0,1496130.0,12669950.0,2734129.0,714717.0,352484.0,721730.0,294189.0,864798.0,97090.0,816331.0,873831.0,1926018.0,320348.0,1318870.0,540475.0,1094940.0,312132.0
2016-09-01,16245297.0,15933977.0,2902416.0,43599.0,189769.0,120254.0,1047369.0,1501425.0,13031561.0,2742274.0,740088.0,352344.0,721029.0,296400.0,866325.0,97943.0,823777.0,1202349.0,1930199.0,314702.0,1320443.0,542085.0,1081604.0,311319.0
2016-10-01,16240828.0,15936675.0,2863835.0,41732.0,188367.0,119377.0,1029727.0,1484631.0,13072841.0,2746223.0,737666.0,351712.0,721825.0,293337.0,866023.0,98342.0,814366.0,1328099.0,1926766.0,291884.0,1293343.0,538969.0,1064287.0,304152.0
2016-11-01,16212992.0,15923768.0,2842195.0,40886.0,187784.0,118842.0,1011216.0,1483467.0,13081574.0,2772695.0,735270.0,357522.0,723698.0,292231.0,869849.0,95298.0,809295.0,1356204.0,1931477.0,270565.0,1269295.0,537747.0,1060427.0,289223.0
2016-12-01,16324856.0,16030935.0,2830142.0,40032.0,191442.0,117829.0,981386.0,1499453.0,13200792.0,2814802.0,748480.0,361712.0,728570.0,298722.0,888927.0,96737.0,808899.0,1366144.0,1942713.0,269904.0,1272580.0,544925.0,1057679.0,293922.0
2017-01-01,15800271.0,15508739.0,2672864.0,36083.0,187252.0,117338.0,874136.0,1458055.0,12835875.0,2715750.0,728634.0,358966.0,723096.0,289639.0,872254.0,95276.0,765931.0,1291835.0,1922953.0,262904.0,1236450.0,524151.0,1048035.0,291532.0
2017-02-01,15882255.0,15587587.0,2710207.0,37152.0,193051.0,119051.0,894900.0,1466053.0,12877380.0,2669826.0,726187.0,361915.0,722484.0,287060.0,876731.0,97166.0,765924.0,1364682.0,1925233.0,266320.0,1230596.0,526735.0,1056519.0,294668.0
2017-03-01,15920826.0,15616229.0,2721318.0,35920.0,195435.0,118015.0,901519.0,1470429.0,12894911.0,2657361.0,721043.0,363468.0,719921.0,283411.0,879103.0,94914.0,771718.0,1372755.0,1932582.0,268140.0,1245926.0,527848.0,1056723.0,304597.0
2017-04-01,16004536.0,15694860.0,2749497.0,32283.0,194072.0,118138.0,925262.0,1479742.0,12945362.0,2679244.0,725949.0,358119.0,719962.0,285388.0,882146.0,95543.0,786536.0,1363678.0,1932368.0,272107.0,1259721.0,531486.0,1053116.0,309676.0
2017-05-01,16324981.0,16002569.0,2862067.0,34773.0,194977.0,120009.0,994567.0,1517741.0,13140501.0,2729229.0,736045.0,359724.0,728151.0,291259.0,895715.0,97889.0,812614.0,1326250.0,1940016.0,295640.0,1303057.0,539100.0,1085811.0,322412.0
2017-06-01,16681940.0,16348892.0,2960511.0,43780.0,201765.0,120674.0,1049277.0,1545015.0,13388380.0,2779710.0,750154.0,360847.0,728383.0,300870.0,904245.0,100638.0,837884.0,1319261.0,1966971.0,322672.0,1347032.0,550673.0,1119042.0,333049.0
2017-07-01,16414857.0,16081741.0,2970176.0,46440.0,202023.0,121450.0,1058607.0,1541656.0,13111565.0,2780020.0,738088.0,361183.0,729927.0,300359.0,900944.0,96029.0,836316.0,1017441.0,1977722.0,336256.0,1350714.0,550911.0,1135657.0,333116.0
2017-08-01,16271579.0,15932891.0,2981408.0,45444.0,205012.0,121288.0,1072256.0,1537407.0,12951483.0,2784091.0,730387.0,359344.0,729846.0,299989.0,901708.0,95327.0,836925.0,889040.0,1969351.0,332941.0,1351574.0,548427.0,1122535.0,338688.0
2017-09-01,16627797.0,16289937.0,2990092.0,44304.0,206746.0,121351.0,1082710.0,1534981.0,13299844.0,2780192.0,751743.0,359400.0,726370.0,301526.0,900530.0,96147.0,831261.0,1246395.0,1977436.0,320809.0,1353904.0,550002.0,1104127.0,337860.0
2017-10-01,16599160.0,16268690.0,2951399.0,41182.0,205577.0,121119.0,1065423.0,1518098.0,13317290.0,2775803.0,747919.0,354408.0,723698.0,297349.0,896823.0,98191.0,824293.0,1372620.0,1971473.0,297015.0,1320856.0,546920.0,1089922.0,330470.0
2017-11-01,16587507.0,16253711.0,2937665.0,39908.0,206795.0,121636.0,1047028.0,1522297.0,13316046.0,2795966.0,751825.0,358273.0,724960.0,296357.0,900917.0,96441.0,818366.0,1387511.0,1976070.0,274181.0,1298513.0,544964.0,1091702.0,333796.0
2017-12-01,16679799.0,16330218.0,2897626.0,38520.0,204656.0,122410.0,1002301.0,1529738.0,13432592.0,2835429.0,763779.0,360789.0,730828.0,299992.0,917900.0,98946.0,808913.0,1407556.0,1992392.0,273104.0,1299038.0,547674.0,1096252.0,349581.0
2018-01-01,16178320.0,15832295.0,2751757.0,35005.0,200261.0,121822.0,894124.0,1500545.0,13080538.0,2732331.0,746345.0,354574.0,727022.0,289623.0,902038.0,96948.0,778762.0,1337788.0,1975820.0,268371.0,1263708.0,530737.0,1076472.0,346025.0
2018-02-01,16235458.0,15895945.0,2792998.0,35492.0,202503.0,121430.0,918485.0,1515088.0,13102947.0,2692155.0,736809.0,357726.0,726269.0,288582.0,908826.0,98082.0,775625.0,1403089.0,1969873.0,272602.0,1255121.0,531141.0,1087048.0,339514.0
2018-03-01,16320468.0,15984722.0,2810589.0,35344.0,200607.0,120431.0,933774.0,1520433.0,13174132.0,2703735.0,738625.0,355906.0,726135.0,287722.0,919200.0,97427.0,778300.0,1415190.0,1982168.0,275226.0,1268105.0,535420.0,1090972.0,335746.0
2018-04-01,16383424.0,16045912.0,2834298.0,32726.0,199615.0,122789.0,949123.0,1530045.0,13211615.0,2715848.0,742153.0,353698.0,727371.0,285235.0,922871.0,98401.0,789525.0,1402684.0,1990159.0,274378.0,1281259.0,539650.0,1088383.0,337511.0
2018-05-01,16729307.0,16387392.0,2951826.0,35590.0,201928.0,125799.0,1023380.0,1565128.0,13435566.0,2773455.0,752912.0,356310.0,733038.0,292031.0,937502.0,100359.0,817890.0,1371394.0,2000826.0,304146.0,1322190.0,549582.0,1123930.0,341916.0
2018-06-01,17026514.0,16672665.0,3034095.0,43913.0,204733.0,125827.0,1071156.0,1588467.0,13638570.0,2803046.0,768090.0,356014.0,740191.0,299170.0,943404.0,101833.0,841855.0,1359699.0,2024278.0,325092.0,1366060.0,558115.0,1151723.0,353849.0
2018-07-01,16725004.0,16375652.0,3041575.0,45934.0,206128.0,127195.0,1079099.0,1583219.0,13334077.0,2793371.0,755424.0,354482.0,738481.0,297327.0,941573.0,103534.0,843780.0,1048937.0,2030093.0,342444.0,1366706.0,556408.0,1161518.0,349352.0
2018-08-01,16575848.0,16229805.0,3040105.0,44988.0,207571.0,127373.0,1087811.0,1572363.0,13189699.0,2795862.0,750372.0,353677.0,738845.0,296838.0,942392.0,103240.0,845470.0,918416.0,2034481.0,335243.0,1369224.0,554340.0,1151300.0,346044.0
2018-09-01,16928094.0,16580776.0,3040974.0,43094.0,206183.0,126538.0,1101425.0,1563734.0,13539802.0,2791269.0,777291.0,351739.0,734655.0,298508.0,938467.0,104651.0,855241.0,1281886.0,2034857.0,322772.0,1364479.0,554663.0,1129326.0,347318.0
2018-10-01,16990761.0,16641692.0,3026912.0,40911.0,205579.0,124563.0,1093269.0,1562590.0,13614780.0,2799787.0,778911.0,350345.0,735542.0,296759.0,941029.0,104918.0,852515.0,1403166.0,2041698.0,302134.0,1335279.0,553927.0,1118771.0,349069.0
2018-11-01,16982750.0,16712217.0,3022958.0,40642.0,204929.0,125453.0,1085576.0,1566358.0,13689259.0,2849369.0,782176.0,352333.0,739835.0,297022.0,948423.0,106176.0,855743.0,1432956.0,2047146.0,284271.0,1318467.0,557940.0,1117402.0,270533.0
2018-12-01,16988258.0,16711644.0,2969114.0,39059.0,203153.0,125416.0,1026667.0,1574820.0,13742529.0,2879122.0,789848.0,350827.0,750693.0,301284.0,964589.0,107043.0,836661.0,1434274.0,2054063.0,281451.0,1323162.0,556926.0,1112586.0,276615.0
2019-01-01,16569670.0,16284777.0,2835101.0,35946.0,196951.0,124510.0,933823.0,1543870.0,13449676.0,2803566.0,772472.0,349341.0,739099.0,293382.0,950579.0,105138.0,805977.0,1371715.0,2042020.0,278641.0,1290362.0,543253.0,1104132.0,284893.0
2019-02-01,16615822.0,16337098.0,2862591.0,36417.0,197972.0,126261.0,945682.0,1556260.0,13474507.0,2774822.0,767720.0,347244.0,735622.0,291340.0,951638.0,105291.0,808122.0,1436998.0,2039452.0,279551.0,1279554.0,541816.0,1115337.0,278724.0
2019-03-01,16676960.0,16387661.0,2864026.0,35883.0,197383.0,126449.0,953611.0,1550700.0,13523634.0,2767961.0,765217.0,347447.0,740282.0,291714.0,956463.0,104610.0,809762.0,1449361.0,2048370.0,284356.0,1290896.0,546291.0,1120907.0,289299.0
2019-04-01,16752674.0,16459275.0,2896382.0,32899.0,195491.0,126126.0,974371.0,1567494.0,13562893.0,2778463.0,765586.0,349119.0,747094.0,292083.0,959585.0,106537.0,810988.0,1450605.0,2047301.0,288577.0,1298431.0,549422.0,1119101.0,293399.0
2019-05-01,17072465.0,16764573.0,3008343.0,35966.0,198445.0,127937.0,1043441.0,1602554.0,13756230.0,2819386.0,774441.0,353757.0,745906.0,298458.0,971280.0,109060.0,837896.0,1410806.0,2064511.0,315279.0,1339992.0,557400.0,1158060.0,307891.0
2019-06-01,17312177.0,17017757.0,3073640.0,43805.0,201653.0,128902.0,1087014.0,1612267.0,13944116.0,2841893.0,786991.0,356888.0,751132.0,306014.0,983649.0,112081.0,859813.0,1393633.0,2087171.0,335292.0,1380778.0,565703.0,1183077.0,294420.0
2019-07-01,17106565.0,16808855.0,3091708.0,44917.0,204459.0,130055.0,1096566.0,1615711.0,13717147.0,2839136.0,773971.0,358372.0,758119.0,303145.0,989332.0,109731.0,868958.0,1097840.0,2098713.0,353660.0,1404437.0,568653.0,1193081.0,297709.0
2019-08-01,16923136.0,16617532.0,3094517.0,43145.0,205423.0,128970.0,1110301.0,1606677.0,13523015.0,2827439.0,773238.0,358467.0,755506.0,300721.0,990412.0,109481.0,869997.0,951458.0,2097683.0,346045.0,1397248.0,562814.0,1182506.0,305604.0
2019-09-01,17235065.0,16941752.0,3082448.0,40664.0,204666.0,127277.0,1116798.0,1593043.0,13859305.0,2819076.0,794301.0,357001.0,753711.0,299770.0,987220.0,110236.0,874108.0,1320366.0,2097477.0,331882.0,1393270.0,563052.0,1157835.0,293313.0
2019-10-01,17267191.0,16969503.0,3059542.0,39104.0,202127.0,128109.0,1108404.0,1581798.0,13909961.0,2821314.0,800339.0,353197.0,752803.0,295565.0,988905.0,109884.0,872085.0,1445863.0,2093660.0,313234.0,1360107.0,560464.0,1142540.0,297689.0
2019-11-01,17243935.0,16952534.0,3021906.0,37486.0,199968.0,127743.0,1086916.0,1569793.0,13930628.0,2852193.0,802135.0,353152.0,755715.0,295563.0,991956.0,111013.0,867436.0,1474491.0,2101429.0,290295.0,1333659.0,559817.0,1141774.0,291401.0
2019-12-01,17267575.0,16969841.0,2968863.0,36332.0,200894.0,127925.0,1038021.0,1565692.0,14000978.0,2888755.0,813194.0,355797.0,765088.0,300310.0,1001022.0,112898.0,853000.0,1471896.0,2117138.0,287645.0,1335864.0,560511.0,1137861.0,297734.0
2020-01-01,16826156.0,16526003.0,2837105.0,33266.0,198115.0,127272.0,945049.0,1533403.0,13688898.0,2811973.0,799388.0,352001.0,754881.0,288419.0,986486.0,111608.0,811743.0,1407948.0,2104719.0,283264.0,1301320.0,544182.0,1130965.0,300153.0
2020-02-01,16795756.0,16503857.0,2851662.0,33022.0,198053.0,125872.0,961719.0,1532997.0,13652195.0,2766673.0,782236.0,352708.0,749279.0,284628.0,986236.0,113742.0,806584.0,1469062.0,2097215.0,284160.0,1283577.0,541159.0,1134936.0,291898.0
2020-03-01,15875705.0,15600639.0,2655556.0,32176.0,193571.0,124555.0,885401.0,1419854.0,12945082.0,2584163.0,741933.0,343038.0,741166.0,257296.0,955297.0,110041.0,767357.0,1452181.0,2037896.0,256682.0,1076231.0,490075.0,1131726.0,275066.0
2020-04-01,14096938.0,13861281.0,2385007.0,27189.0,181987.0,122635.0,747578.0,1305618.0,11476274.0,2269908.0,709022.0,321401.0,727304.0,228706.0,914957.0,104630.0,690344.0,1332721.0,1885142.0,147930.0,653510.0,392128.0,1098569.0,235657.0
2020-05-01,13822748.0,13601484.0,2498876.0,29329.0,173889.0,121692.0,846014.0,1327951.0,11102609.0,2260200.0,682484.0,303314.0,724650.0,221068.0,903822.0,102829.0,679120.0,1219178.0,1838682.0,140593.0,580010.0,372908.0,1073750.0,221264.0
2020-06-01,14719868.0,14475485.0,2731934.0,37808.0,178196.0,122398.0,963710.0,1429822.0,11743551.0,2463837.0,715975.0,305637.0,725093.0,234919.0,924311.0,105948.0,714695.0,1183549.0,1930422.0,173378.0,749554.0,425351.0,1090882.0,244384.0
2020-07-01,15239392.0,14982609.0,2819694.0,41368.0,182414.0,124627.0,994206.0,1477079.0,12162915.0,2607497.0,711470.0,312052.0,732701.0,243672.0,940104.0,105752.0,751436.0,1001800.0,2018235.0,222776.0,933656.0,466281.0,1115483.0,256784.0
2020-08-01,15343525.0,15070674.0,2864832.0,41179.0,184811.0,123368.0,1032140.0,1483335.0,12205842.0,2626198.0,708371.0,325639.0,728835.0,247039.0,949707.0,109678.0,760427.0,881521.0,2033506.0,234651.0,1002707.0,475895.0,1121670.0,272851.0
2020-09-01,16002740.0,15718944.0,2903332.0,39746.0,186099.0,122683.0,1060803.0,1494000.0,12815612.0,2667116.0,751550.0,339275.0,732657.0,252663.0,962290.0,112411.0,779919.0,1246786.0,2064103.0,239260.0,1050362.0,489894.0,1127326.0,283797.0
2020-10-01,16209273.0,15923142.0,2909790.0,39250.0,185974.0,122247.0,1067788.0,1494531.0,13013352.0,2705638.0,771043.0,344685.0,735550.0,253032.0,972527.0,117260.0,789175.0,1372669.0,2070413.0,228152.0,1031957.0,495269.0,1125982.0,286131.0
2020-11-01,16104671.0,15848359.0,2875971.0,37647.0,186397.0,122638.0,1046927.0,1482362.0,12972387.0,2738668.0,765971.0,341768.0,739224.0,252573.0,983200.0,114926.0,786705.0,1399965.0,2082897.0,196841.0,954408.0,494615.0,1120624.0,256312.0
2020-12-01,16186960.0,15916772.0,2847652.0,36569.0,187296.0,123091.0,1005714.0,1494982.0,13069120.0,2773559.0,786039.0,342001.0,749855.0,259034.0,994381.0,115939.0,785540.0,1411422.0,2109183.0,190763.0,925310.0,494165.0,1131929.0,270189.0
2021-01-01,15573976.0,15304725.0,2733140.0,34598.0,182405.0,121011.0,936551.0,1458574.0,12571586.0,2616699.0,763002.0,338638.0,739868.0,248011.0,993727.0,115497.0,756800.0,1330300.0,2094225.0,161583.0,846350.0,459285.0,1107601.0,269251.0
2021-02-01,15640793.0,15376278.0,2754466.0,34765.0,185797.0,120862.0,942878.0,1470164.0,12621812.0,2594076.0,757974.0,339767.0,745397.0,250236.0,1001411.0,115483.0,748645.0,1389192.0,2093114.0,159592.0,850249.0,465289.0,1111387.0,264515.0
2021-03-01,15925584.0,15655226.0,2788789.0,34489.0,186403.0,120855.0,964840.0,1482202.0,12866437.0,2676392.0,753306.0,339923.0,752797.0,250769.0,1010853.0,114757.0,751737.0,1421254.0,2113982.0,175308.0,901263.0,477683.0,1126413.0,270358.0
2021-04-01,16152380.0,15876942.0,2854210.0,32805.0,187663.0,121744.0,1010661.0,1501338.0,13022731.0,2711975.0,759063.0,342696.0,756751.0,251744.0,1021434.0,115326.0,778855.0,1413285.0,2142016.0,189849.0,922993.0,480870.0,1135874.0,275438.0
2021-05-01,16143752.0,15859014.0,2924632.0,35926.0,188215.0,124023.0,1061830.0,1514638.0,12934382.0,2677364.0,755424.0,344191.0,757422.0,253736.0,1037145.0,115038.0,791945.0,1346878.0,2140483.0,184146.0,887033.0,470643.0,1172933.0,284738.0
2021-06-01,16620669.0,16331787.0,3004143.0,42565.0,191582.0,125688.0,1103719.0,1540588.0,13327644.0,2740103.0,773449.0,346121.0,770011.0,263095.0,1057466.0,119215.0,811760.0,1354292.0,2170295.0,219245.0,1008211.0,480469.0,1213914.0,288883.0
2021-07-01,16684375.0,16389033.0,3031214.0,44467.0,191607.0,126861.0,1105674.0,1562605.0,13357819.0,2784126.0,765044.0,353592.0,774468.0,266709.0,1066265.0,119170.0,822526.0,1086905.0,2191830.0,268256.0,1119245.0,514042.0,1225641.0,295342.0
2021-08-01,16529986.0,16234785.0,3032257.0,42595.0,194485.0,126694.0,1125060.0,1543422.0,13202528.0,2769803.0,751632.0,356691.0,764705.0,266477.0,1069075.0,121758.0,817505.0,935348.0,2179131.0,283336.0,1169112.0,516165.0,1201793.0,295201.0
2021-09-01,16970976.0,16668953.0,3047081.0,41178.0,196069.0,126119.0,1141812.0,1541903.0,13621872.0,2773005.0,768922.0,357328.0,774788.0,268626.0,1080328.0,120965.0,817569.0,1295351.0,2179293.0,280692.0,1191740.0,522278.0,1190989.0,302023.0
2021-10-01,17111117.0,16798395.0,3038190.0,39557.0,195889.0,126404.0,1138035.0,1538307.0,13760205.0,2783014.0,781061.0,361069.0,775916.0,271994.0,1087839.0,122055.0,819488.0,1432201.0,2174438.0,267459.0,1178930.0,525263.0,1179479.0,312722.0
2021-11-01,17123914.0,16816563.0,3017874.0,38085.0,198460.0,127213.0,1120461.0,1533655.0,13798689.0,2810770.0,782063.0,364605.0,773668.0,272996.0,1094777.0,120580.0,816663.0,1465852.0,2175486.0,251229.0,1163090.0,524582.0,1182327.0,307351.0
2021-12-01,17275282.0,16961569.0,2992254.0,36819.0,199664.0,128587.0,1081402.0,1545782.0,13969315.0,2855283.0,800910.0,366846.0,787437.0,281770.0,1110403.0,122475.0,818181.0,1486712.0,2202352.0,249319.0,1167600.0,530853.0,1189174.0,313713.0
2022-01-01,16772528.0,16452483.0,2871839.0,34017.0,196799.0,127270.0,1005400.0,1508353.0,13580644.0,2785833.0,786045.0,357142.0,785894.0,274081.0,1118062.0,121540.0,786193.0,1405716.0,2185003.0,228235.0,1062559.0,514377.0,1169965.0,320045.0
2022-02-01,16896777.0,16580230.0,2918354.0,34860.0,199025.0,126501.0,1030842.0,1527126.0,13661876.0,2746871.0,785704.0,362463.0,781529.0,271123.0,1123481.0,123419.0,786981.0,1467388.0,2197481.0,233043.0,1082550.0,514681.0,1185161.0,316547.0
2022-03-01,17073886.0,16750091.0,2934238.0,34988.0,200563.0,125822.0,1043431.0,1529434.0,13815853.0,2766618.0,783404.0,361316.0,791227.0,270237.0,1131799.0,125007.0,793757.0,1483412.0,2207285.0,246923.0,1140954.0,519431.0,1194483.0,323794.0
2022-04-01,17306311.0,16965449.0,2987911.0,33111.0,201065.0,127517.0,1078371.0,1547847.0,13977539.0,2789013.0,793473.0,371086.0,800740.0,274194.0,1140600.0,122412.0,810325.0,1495647.0,2210703.0,261843.0,1192473.0,526297.0,1188733.0,340862.0
2022-05-01,17505457.0,17153557.0,3060296.0,36201.0,204388.0,128632.0,1127540.0,1563536.0,14093261.0,2817790.0,795723.0,373347.0,802502.0,278911.0,1160008.0,120859.0,825004.0,1434868.0,2208199.0,286060.0,1241100.0,532952.0,1215938.0,351901.0
2022-06-01,17900062.0,17531321.0,3149833.0,41935.0,210019.0,130408.0,1180665.0,1586806.0,14381487.0,2855041.0,816317.0,378626.0,814990.0,289496.0,1174434.0,123465.0,848095.0,1441647.0,2237096.0,313878.0,1300969.0,546416.0,1241018.0,368741.0
2022-07-01,17671189.0,17312754.0,3164988.0,43924.0,212484.0,129931.0,1189164.0,1589486.0,14147765.0,2856617.0,804861.0,383237.0,822240.0,289782.0,1184576.0,122997.0,850853.0,1132994.0,2235961.0,335035.0,1325954.0,550666.0,1251992.0,358435.0
2022-08-01,17422137.0,17066662.0,3143073.0,42685.0,211469.0,131194.0,1180445.0,1577280.0,13923589.0,2830698.0,796245.0,385789.0,817849.0,290121.0,1188338.0,120007.0,847907.0,975420.0,2223688.0,331622.0,1321781.0,548746.0,1245378.0,355474.0
2022-09-01,17890773.0,17532344.0,3169389.0,40752.0,212403.0,130413.0,1206093.0,1579729.0,14362955.0,2844856.0,820015.0,385160.0,818404.0,291869.0,1193840.0,119383.0,856248.0,1354813.0,2235468.0,325085.0,1328114.0,552844.0,1236858.0,358429.0
2022-10-01,17902963.0,17555126.0,3145387.0,39253.0,210591.0,129426.0,1196562.0,1569557.0,14409739.0,2840731.0,826079.0,386034.0,821509.0,290019.0,1197010.0,123068.0,850359.0,1474926.0,2230702.0,297549.0,1291486.0,550502.0,1229765.0,347837.0
2022-11-01,17914715.0,17572605.0,3124574.0,37929.0,210239.0,129309.0,1180957.0,1566140.0,14448031.0,2858199.0,827858.0,385656.0,827188.0,289836.0,1198361.0,122780.0,848962.0,1514840.0,2239209.0,280981.0,1270397.0,551282.0,1232483.0,342110.0
2022-12-01,18030252.0,17680763.0,3098735.0,36734.0,210236.0,130108.0,1148521.0,1573137.0,14582028.0,2883414.0,845947.0,382265.0,844404.0,295660.0,1212273.0,124320.0,844309.0,1538669.0,2263236.0,280422.0,1274643.0,556976.0,1235491.0,349489.0
2023-01-01,17579448.0,17233190.0,2944016.0,33784.0,206189.0,128799.0,1049650.0,1525595.0,14289173.0,2832155.0,834356.0,370569.0,837136.0,285816.0,1201918.0,124918.0,811634.0,1448898.0,2248737.0,272391.0,1239783.0,547115.0,1233749.0,346258.0
2023-02-01,17638550.0,17303896.0,2988598.0,34085.0,211615.0,130552.0,1076846.0,1535501.0,14315297.0,2801248.0,831592.0,369466.0,830809.0,283202.0,1202622.0,124870.0,808033.0,1524142.0,2239117.0,276042.0,1238473.0,547175.0,1238504.0,334654.0
2023-03-01,17700033.0,17355155.0,2988564.0,33093.0,210810.0,130217.0,1078919.0,1535526.0,14366590.0,2794245.0,827686.0,367615.0,836305.0,282330.0,1206324.0,123684.0,810490.0,1538340.0,2251939.0,279170.0,1251574.0,550564.0,1246322.0,344878.0
2023-04-01,17710398.0,17370146.0,3033142.0,31454.0,211816.0,130597.0,1111318.0,1547957.0,14337003.0,2818944.0,833996.0,368798.0,832092.0,282373.0,1210937.0,125037.0,818316.0,1534956.0,2257381.0,286492.0,1270079.0,553463.0,1144139.0,340253.0
2023-05-01,18070122.0,17723997.0,3132156.0,35521.0,212523.0,132886.0,1177358.0,1573867.0,14591841.0,2849020.0,837817.0,370455.0,834904.0,288511.0,1222440.0,126043.0,837327.0,1489840.0,2272552.0,315082.0,1312149.0,559733.0,1275968.0,346125.0
2023-06-01,18398077.0,18041039.0,3221645.0,41267.0,216357.0,135242.0,1223815.0,1604964.0,14819394.0,2878084.0,851108.0,369294.0,840878.0,296980.0,1232299.0,128000.0,854369.0,1487520.0,2308606.0,340837.0,1359382.0,571543.0,1300493.0,357037.0
2023-07-01,18115754.0,17747709.0,3223011.0,42842.0,217233.0,136037.0,1228971.0,1597928.0,14524698.0,2873395.0,836004.0,366702.0,839268.0,296912.0,1228628.0,125752.0,855002.0,1166428.0,2318398.0,360253.0,1369929.0,572702.0,1315325.0,368045.0
2023-08-01,17855667.0,17495347.0,3202744.0,41590.0,215384.0,135281.0,1225428.0,1585061.0,14292603.0,2856053.0,827483.0,363039.0,839335.0,294756.0,1226555.0,124467.0,851017.0,1000671.0,2314184.0,354633.0,1359019.0,570053.0,1311339.0,360319.0
2023-09-01,18288122.0,17934513.0,3215499.0,40038.0,216261.0,136000.0,1240785.0,1582416.0,14719014.0,2860419.0,847125.0,359686.0,841430.0,295644.0,1224494.0,124730.0,857300.0,1411144.0,2326334.0,340381.0,1357140.0,572382.0,1300803.0,353609.0
2023-10-01,18275771.0,17926929.0,3178806.0,38850.0,213542.0,134150.0,1224559.0,1567704.0,14748123.0,2860906.0,846741.0,357715.0,839802.0,292194.0,1223934.0,120595.0,847824.0,1531054.0,2330803.0,319050.0,1320584.0,569719.0,1287202.0,348842.0
2023-11-01,18162757.0,17814457.0,3151723.0,37376.0,212632.0,133789.0,1201490.0,1566436.0,14662734.0,2867952.0,845796.0,358765.0,836998.0,290018.0,1222498.0,119898.0,844731.0,1497148.0,2336588.0,296252.0,1289644.0,570191.0,1286257.0,348301.0
2023-12-01,18247734.0,17897145.0,3104200.0,36043.0,211804.0,133298.0,1159795.0,1563260.0,14792945.0,2886279.0,855730.0,357184.0,849558.0,296666.0,1229219.0,122389.0,836445.0,1562557.0,2354609.0,291471.0,1283818.0,573908.0,1293113.0,350589.0
2024-01-01,17806219.0,17462897.0,2965386.0,33773.0,206726.0,132890.0,1061372.0,1530625.0,14497511.0,2833588.0,845206.0,357225.0,843824.0,288406.0,1222169.0,118934.0,804842.0,1465721.0,2334925.0,281286.0,1252691.0,562827.0,1285868.0,343322.0
2024-02-01,17834155.0,17493194.0,2998828.0,34254.0,208452.0,132683.0,1089078.0,1534362.0,14494365.0,2781895.0,838495.0,355691.0,844100.0,286521.0,1222378.0,117155.0,797412.0,1547737.0,2327840.0,282775.0,1236922.0,561257.0,1294187.0,340961.0
2024-03-01,17923733.0,17571841.0,3008512.0,34059.0,208557.0,133563.0,1098194.0,1534139.0,14563329.0,2779290.0,834954.0,357521.0,847098.0,284523.0,1222144.0,118823.0,800279.0,1572173.0,2350434.0,284397.0,1251110.0,564927.0,1295657.0,351892.0
2024-04-01,18029068.0,17677713.0,3051175.0,32406.0,207704.0,133944.0,1129562.0,1547559.0,14626538.0,2798577.0,838598.0,358077.0,843831.0,285949.0,1222985.0,121828.0,808786.0,1576982.0,2357289.0,295772.0,1260633.0,565844.0,1291386.0,351356.0
2024-05-01,18299836.0,17943280.0,3153982.0,37886.0,210100.0,134862.0,1190817.0,1580316.0,14789298.0,2834117.0,845946.0,359494.0,847896.0,292193.0,1231823.0,123977.0,828563.0,1534298.0,2374202.0,325142.0,1307702.0,574721.0,1309224.0,356557.0
2024-06-01,18516624.0,18154120.0,3215052.0,42736.0,217293.0,137259.0,1229106.0,1588657.0,14939068.0,2843562.0,856948.0,360913.0,854849.0,299653.0,1241349.0,122613.0,832240.0,1527401.0,2391008.0,347735.0,1344160.0,582286.0,1334352.0,362503.0
2024-07-01,18269504.0,17900213.0,3220365.0,44126.0,216890.0,136381.0,1232021.0,1590948.0,14679848.0,2848228.0,842718.0,361446.0,854419.0,300542.0,1239591.0,121441.0,836587.0,1195940.0,2408950.0,368029.0,1362874.0,585558.0,1353524.0,369292.0
2024-08-01,18036934.0,17678688.0,3210095.0,42400.0,217419.0,134717.0,1233782.0,1581778.0,14468592.0,2836968.0,835979.0,361168.0,852273.0,298877.0,1235326.0,120105.0,833778.0,1043929.0,2407262.0,357411.0,1358070.0,582580.0,1344866.0,358246.0
2024-09-01,18400513.0,18038118.0,3209691.0,39281.0,218546.0,133591.0,1245045.0,1573228.0,14828428.0,2826695.0,854368.0,360289.0,847594.0,298817.0,1230700.0,120016.0,834657.0,1452356.0,2411780.0,343347.0,1343266.0,577273.0,1327270.0,362394.0
2024-10-01,18404806.0,18049517.0,3194382.0,37316.0,216798.0,134359.0,1238859.0,1567049.0,14855134.0,2835368.0,854930.0,359373.0,848791.0,295893.0,1226037.0,118330.0,830584.0,1555382.0,2410492.0,326144.0,1307706.0,572645.0,1313457.0,355289.0
2024-11-01,18344411.0,17990754.0,3167402.0,36110.0,214430.0,135227.0,1220426.0,1561209.0,14823352.0,2845692.0,817566.0,360980.0,850492.0,295423.0,1229193.0,119811.0,824348.0,1591370.0,2414288.0,305194.0,1289635.0,571059.0,1308303.0,353657.0
2024-12-01,18433763.0,18060228.0,3129205.0,35286.0,214306.0,135024.0,1182408.0,1562181.0,14931023.0,2859036.0,867117.0,354528.0,860148.0,299956.0,1238194.0,120869.0,822665.0,1595816.0,2438124.0,297451.0,1285582.0,574024.0,1317514.0,373535.0
