"Employment by industry, monthly, unadjusted for seasonality 1 2 3 4"
"Frequency: Monthly"
"Table: 14-10-0201-01 (formerly CANSIM 281-0023)"
"Release date: 2025-12-18"
"Geography: Canada, Province or territory"
""
""

"Geography","Canada",,,,,,,,,,,,,,,,,,,,,,,,,,,,,,,,,,,,,,,,,,,,,,,,,,,,,,,,,,,,,,,,,,,,,,,,,,,,,,,,,,,,,,,,,,,,,,,,,,,,,,,,,,,,,,,,,,,,,,,,,,,,,,,,,,,,,,,,,,,,,,,,,,,,,,,,,,,,,,,,,,,,,,,,,,,,,,,,,,,
"Type of employee","All employees 5",,,,,,,,,,,,,,,,,,,,,,,,,,,,,,,,,,,,,,,,,,,,,,,,,,,,,,,,,,,,,,,,,,,,,,,,,,,,,,,,,,,,,,,,,,,,,,,,,,,,,,,,,,,,,,,,,,,,,,,,,,,,,,,,,,,,,,,,,,,,,,,,,,,,,,,,,,,,,,,,,,,,,,,,,,,,,,,,,,,
"North American Industry Classification System (NAICS) 4","January 2010","February 2010","March 2010","April 2010","May 2010","June 2010","July 2010","August 2010","September 2010","October 2010","November 2010","December 2010","January 2011","February 2011","March 2011","April 2011","May 2011","June 2011","July 2011","August 2011","September 2011","October 2011","November 2011","December 2011","January 2012","February 2012","March 2012","April 2012","May 2012","June 2012","July 2012","August 2012","September 2012","October 2012","November 2012","December 2012","January 2013","February 2013","March 2013","April 2013","May 2013","June 2013","July 2013","August 2013","September 2013","October 2013","November 2013","December 2013","January 2014","February 2014","March 2014","April 2014","May 2014","June 2014","July 2014","August 2014","September 2014","October 2014","November 2014","December 2014","January 2015","February 2015","March 2015","April 2015","May 2015","June 2015","July 2015","August 2015","September 2015","October 2015","November 2015","December 2015","January 2016","February 2016","March 2016","April 2016","May 2016","June 2016","July 2016","August 2016","September 2016","October 2016","November 2016","December 2016","January 2017","February 2017","March 2017","April 2017","May 2017","June 2017","July 2017","August 2017","September 2017","October 2017","November 2017","December 2017","January 2018","February 2018","March 2018","April 2018","May 2018","June 2018","July 2018","August 2018","September 2018","October 2018","November 2018","December 2018","January 2019","February 2019","March 2019","April 2019","May 2019","June 2019","July 2019","August 2019","September 2019","October 2019","November 2019","December 2019","January 2020","February 2020","March 2020","April 2020","May 2020","June 2020","July 2020","August 2020","September 2020","October 2020","November 2020","December 2020","January 2021","February 2021","March 2021","April 2021","May 2021","June 2021","July 2021","August 2021","September 2021","October 2021","November 2021","December 2021","January 2022","February 2022","March 2022","April 2022","May 2022","June 2022","July 2022","August 2022","September 2022","October 2022","November 2022","December 2022","January 2023","February 2023","March 2023","April 2023","May 2023","June 2023","July 2023","August 2023","September 2023","October 2023","November 2023","December 2023","January 2024","February 2024","March 2024","April 2024","May 2024","June 2024","July 2024","August 2024","September 2024","October 2024","November 2024","December 2024"
,"Persons",,,,,,,,,,,,,,,,,,,,,,,,,,,,,,,,,,,,,,,,,,,,,,,,,,,,,,,,,,,,,,,,,,,,,,,,,,,,,,,,,,,,,,,,,,,,,,,,,,,,,,,,,,,,,,,,,,,,,,,,,,,,,,,,,,,,,,,,,,,,,,,,,,,,,,,,,,,,,,,,,,,,,,,,,,,,,,,,,,,
"Industrial aggregate including unclassified businesses 6 7 8","14,311,612A","14,360,081A","14,410,902A","14,549,731A","14,783,230A","15,045,619A","14,861,075A","14,639,907A","14,967,490A","15,010,819A","14,953,556A","15,072,387A","14,577,610A","14,631,158A","14,688,209A","14,807,711A","15,014,466A","15,323,337A","15,094,806A","14,904,312A","15,235,056A","15,231,974A","15,221,689A","15,279,197A","14,782,578A","14,813,078A","14,896,138A","15,027,983A","15,355,529A","15,609,568A","15,370,556A","15,236,066A","15,481,594A","15,482,956A","15,483,695A","15,483,798A","15,024,938A","15,082,210A","15,147,950A","15,244,677A","15,501,388A","15,683,440A","15,505,214A","15,418,614A","15,652,843A","15,707,934A","15,657,065A","15,675,004A","15,216,841A","15,226,079A","15,279,142A","15,360,876A","15,709,285A","15,935,259A","15,730,547A","15,599,481A","15,858,890A","15,914,722A","15,812,512A","15,865,472A","15,439,361A","15,449,765A","15,466,056A","15,601,135A","15,908,398A","16,105,024A","15,902,234A","15,682,557A","15,990,122A","16,075,338A","15,982,108A","16,065,458A","15,564,200A","15,563,187A","15,622,359A","15,769,319A","16,035,173A","16,351,094A","16,085,304A","15,864,905A","16,245,297A","16,240,828A","16,212,992A","16,324,856A","15,800,271A","15,882,255A","15,920,826A","16,004,536A","16,324,981A","16,681,940A","16,414,857A","16,271,579A","16,627,797A","16,599,160A","16,587,507A","16,679,799A","16,178,320A","16,235,458A","16,320,468A","16,383,424A","16,729,307A","17,026,514A","16,725,004A","16,575,848A","16,928,094A","16,990,761A","16,982,750A","16,988,258A","16,569,670A","16,615,822A","16,676,960A","16,752,674A","17,072,465A","17,312,177A","17,106,565A","16,923,136A","17,235,065B","17,267,191A","17,243,935A","17,267,575A","16,826,156A","16,795,756B","15,875,705B","14,096,938B","13,822,748B","14,719,868B","15,239,392B","15,343,525B","16,002,740A","16,209,273B","16,104,671B","16,186,960B","15,573,976B","15,640,793A","15,925,584A","16,152,380B","16,143,752B","16,620,669B","16,684,375B","16,529,986B","16,970,976B","17,111,117A","17,123,914B","17,275,282B","16,772,528B","16,896,777B","17,073,886B","17,306,311B","17,505,457B","17,900,062B","17,671,189B","17,422,137B","17,890,773B","17,902,963B","17,914,715B","18,030,252B","17,579,448B","17,638,550B","17,700,033B","17,710,398B","18,070,122B","18,398,077B","18,115,754B","17,855,667B","18,288,122B","18,275,771B","18,162,757B","18,247,734B","17,806,219B","17,834,155B","17,923,733B","18,029,068B","18,299,836B","18,516,624B","18,269,504B","18,036,934B","18,400,513B","18,404,806B","18,344,411B","18,433,763B"
"Industrial aggregate excluding unclassified businesses 6 7 8","14,084,327A","14,130,148A","14,172,189A","14,304,730A","14,525,472A","14,768,604A","14,570,283A","14,345,826A","14,662,499A","14,709,244A","14,662,790A","14,780,838A","14,304,574A","14,375,324A","14,429,121A","14,543,792A","14,734,111A","15,023,663A","14,786,632A","14,595,351A","14,915,815A","14,916,818A","14,926,179A","14,993,838A","14,517,778A","14,561,579A","14,640,065A","14,765,068A","15,081,470A","15,315,913A","15,073,929A","14,951,437A","15,199,146A","15,207,628A","15,215,030A","15,222,803A","14,782,292A","14,847,064A","14,919,563A","15,006,912A","15,264,565A","15,436,510A","15,251,828A","15,160,436A","15,398,878A","15,455,248A","15,411,606A","15,448,846A","15,004,711A","15,024,174A","15,068,754A","15,147,597A","15,489,293A","15,714,802A","15,507,571A","15,368,567A","15,623,719A","15,678,813A","15,582,989A","15,635,347A","15,206,220A","15,214,529A","15,227,052A","15,359,284A","15,649,862A","15,847,349A","15,633,425A","15,410,338A","15,716,475A","15,794,866A","15,709,108A","15,783,773A","15,292,765A","15,297,478A","15,349,322A","15,480,539A","15,742,052A","16,035,216A","15,770,469A","15,552,773A","15,933,977A","15,936,675A","15,923,768A","16,030,935A","15,508,739A","15,587,587A","15,616,229A","15,694,860A","16,002,569A","16,348,892A","16,081,741A","15,932,891A","16,289,937A","16,268,690A","16,253,711A","16,330,218A","15,832,295A","15,895,945A","15,984,722A","16,045,912A","16,387,392A","16,672,665A","16,375,652A","16,229,805A","16,580,776A","16,641,692A","16,712,217A","16,711,644A","16,284,777A","16,337,098A","16,387,661A","16,459,275A","16,764,573A","17,017,757A","16,808,855A","16,617,532A","16,941,752B","16,969,503A","16,952,534A","16,969,841A","16,526,003A","16,503,857B","15,600,639B","13,861,281B","13,601,484B","14,475,485B","14,982,609B","15,070,674B","15,718,944A","15,923,142B","15,848,359B","15,916,772B","15,304,725B","15,376,278A","15,655,226A","15,876,942B","15,859,014B","16,331,787B","16,389,033B","16,234,785B","16,668,953B","16,798,395A","16,816,563B","16,961,569B","16,452,483B","16,580,230B","16,750,091B","16,965,449B","17,153,557B","17,531,321B","17,312,754B","17,066,662B","17,532,344B","17,555,126B","17,572,605B","17,680,763B","17,233,190B","17,303,896B","17,355,155B","17,370,146B","17,723,997B","18,041,039B","17,747,709B","17,495,347B","17,934,513B","17,926,929B","17,814,457B","17,897,145B","17,462,897B","17,493,194B","17,571,841B","17,677,713B","17,943,280B","18,154,120B","17,900,213B","17,678,688B","18,038,118B","18,049,517B","17,990,754B","18,060,228B"
"Goods producing industries 9","2,461,566A","2,492,451A","2,509,402A","2,557,231A","2,660,301A","2,741,130A","2,757,724A","2,750,341A","2,767,493A","2,746,645A","2,713,598A","2,687,488A","2,543,142A","2,585,940A","2,603,076A","2,648,841A","2,722,487A","2,818,647A","2,833,824A","2,815,081A","2,848,323A","2,814,408A","2,798,976A","2,760,857A","2,604,153A","2,633,487A","2,661,516A","2,699,234A","2,822,766A","2,899,203A","2,908,009A","2,910,764A","2,901,755A","2,890,134A","2,865,370A","2,819,245A","2,671,455A","2,708,246A","2,725,955A","2,755,525A","2,849,375A","2,890,439A","2,929,828A","2,941,891A","2,923,500A","2,912,364A","2,873,373A","2,823,305A","2,675,087A","2,719,147A","2,720,597A","2,742,081A","2,862,896A","2,939,391A","2,961,654A","2,970,426A","2,961,627A","2,952,293A","2,904,048A","2,865,432A","2,711,451A","2,730,957A","2,721,217A","2,755,528A","2,880,179A","2,939,148A","2,949,589A","2,938,128A","2,933,736A","2,912,959A","2,856,584A","2,814,837A","2,663,947A","2,659,235A","2,671,996A","2,720,391A","2,808,953A","2,890,987A","2,900,295A","2,882,823A","2,902,416A","2,863,835A","2,842,195A","2,830,142A","2,672,864A","2,710,207A","2,721,318A","2,749,497A","2,862,067A","2,960,511A","2,970,176A","2,981,408A","2,990,092A","2,951,399A","2,937,665A","2,897,626A","2,751,757A","2,792,998A","2,810,589A","2,834,298A","2,951,826A","3,034,095A","3,041,575A","3,040,105A","3,040,974A","3,026,912A","3,022,958A","2,969,114A","2,835,101A","2,862,591A","2,864,026A","2,896,382A","3,008,343A","3,073,640A","3,091,708A","3,094,517A","3,082,448B","3,059,542A","3,021,906B","2,968,863A","2,837,105A","2,851,662B","2,655,556B","2,385,007B","2,498,876B","2,731,934B","2,819,694B","2,864,832B","2,903,332B","2,909,790B","2,875,971B","2,847,652B","2,733,140B","2,754,466B","2,788,789B","2,854,210B","2,924,632B","3,004,143B","3,031,214B","3,032,257B","3,047,081B","3,038,190B","3,017,874B","2,992,254B","2,871,839B","2,918,354B","2,934,238B","2,987,911B","3,060,296B","3,149,833B","3,164,988B","3,143,073B","3,169,389B","3,145,387B","3,124,574B","3,098,735B","2,944,016B","2,988,598B","2,988,564B","3,033,142B","3,132,156B","3,221,645B","3,223,011B","3,202,744B","3,215,499B","3,178,806B","3,151,723B","3,104,200B","2,965,386B","2,998,828B","3,008,512B","3,051,175B","3,153,982B","3,215,052B","3,220,365B","3,210,095B","3,209,691B","3,194,382B","3,167,402B","3,129,205B"
"Forestry, logging and support 10","34,569A","35,487A","34,797A","31,750A","36,043A","44,137A","47,931A","46,267A","45,772A","42,908A","40,021A","38,809A","35,532A","36,108A","35,408A","32,123A","33,521A","43,398A","47,495A","47,180A","46,240A","43,549A","41,646A","39,945A","35,370A","35,856A","35,375A","31,679A","35,117A","45,434A","48,153A","45,212A","42,972A","40,539A","39,290A","37,534A","34,003A","34,605A","34,310A","31,146A","33,603A","42,501A","44,921A","44,078A","42,059A","41,051A","39,652A","37,890A","34,902A","35,282A","34,480A","31,581A","33,240A","41,279A","44,970A","44,938A","43,437A","41,490A","39,372A","38,046A","35,252A","36,126A","35,822A","33,315A","36,841A","44,221A","47,331A","45,901A","44,570A","41,936A","40,880A","39,102A","36,026A","36,106A","35,386A","31,167A","36,250A","44,861A","47,030A","45,222A","43,599A","41,732A","40,886A","40,032A","36,083A","37,152A","35,920A","32,283A","34,773A","43,780A","46,440A","45,444A","44,304A","41,182A","39,908A","38,520A","35,005A","35,492A","35,344A","32,726A","35,590A","43,913A","45,934A","44,988A","43,094A","40,911A","40,642A","39,059A","35,946A","36,417A","35,883A","32,899A","35,966A","43,805A","44,917A","43,145A","40,664B","39,104B","37,486B","36,332B","33,266B","33,022B","32,176B","27,189B","29,329B","37,808B","41,368B","41,179A","39,746C","39,250B","37,647B","36,569B","34,598B","34,765B","34,489B","32,805B","35,926B","42,565C","44,467B","42,595B","41,178B","39,557A","38,085A","36,819B","34,017B","34,860A","34,988B","33,111A","36,201B","41,935C","43,924C","42,685A","40,752B","39,253B","37,929C","36,734C","33,784B","34,085B","33,093B","31,454B","35,521B","41,267B","42,842B","41,590B","40,038B","38,850B","37,376B","36,043B","33,773B","34,254A","34,059B","32,406B","37,886B","42,736B","44,126B","42,400B","39,281B","37,316B","36,110B","35,286B"
"Mining, quarrying, and oil and gas extraction","170,995A","178,700A","179,098A","177,906A","180,486A","185,824A","191,405A","192,390A","194,953A","194,993A","193,635A","199,553A","199,248A","208,531A","208,599A","205,030A","200,829A","205,615A","206,622A","205,583A","209,599A","210,240A","210,267A","214,448A","207,136A","214,597A","217,875A","214,926A","216,842A","224,259A","224,187A","228,414A","227,281A","226,913A","227,036A","225,320A","222,015A","228,924A","226,152A","220,500A","222,931A","225,254A","225,212A","228,347A","228,237A","227,818A","226,671A","230,175A","219,955A","230,748A","231,851A","227,473A","228,371A","229,196A","234,535A","236,644A","236,321A","236,641A","233,816A","236,702A","225,612A","223,374A","220,397A","212,143A","210,643A","209,769A","212,131A","208,490A","207,964A","206,716A","201,484A","202,916A","194,468A","192,570A","190,838A","187,248A","186,539A","188,654A","190,936A","189,264A","189,769A","188,367A","187,784A","191,442A","187,252A","193,051A","195,435A","194,072A","194,977A","201,765A","202,023A","205,012A","206,746A","205,577A","206,795A","204,656A","200,261A","202,503A","200,607A","199,615A","201,928A","204,733A","206,128A","207,571A","206,183A","205,579A","204,929A","203,153A","196,951A","197,972A","197,383A","195,491A","198,445A","201,653A","204,459A","205,423A","204,666B","202,127A","199,968B","200,894A","198,115A","198,053B","193,571B","181,987B","173,889B","178,196B","182,414B","184,811B","186,099B","185,974B","186,397B","187,296B","182,405B","185,797B","186,403B","187,663B","188,215B","191,582A","191,607A","194,485A","196,069A","195,889A","198,460A","199,664A","196,799B","199,025A","200,563B","201,065B","204,388A","210,019B","212,484B","211,469A","212,403A","210,591B","210,239B","210,236A","206,189C","211,615B","210,810B","211,816A","212,523B","216,357B","217,233B","215,384B","216,261B","213,542B","212,632B","211,804B","206,726A","208,452B","208,557A","207,704A","210,100A","217,293B","216,890A","217,419B","218,546B","216,798A","214,430B","214,306B"
"Utilities","115,474A","114,792A","114,693A","116,230A","118,408A","120,815A","120,933A","119,487A","118,843A","118,414A","118,320A","120,513A","118,249A","119,471A","118,948A","120,569A","126,027A","126,229A","126,473A","125,292A","124,025A","125,341A","126,087A","124,869A","121,317A","120,804A","121,516A","120,728A","123,587A","123,379A","123,810A","122,528A","121,024A","121,622A","121,323A","119,405A","116,922A","118,585A","118,284A","118,583A","119,534A","120,978A","120,982A","119,613A","118,972A","118,316A","117,554A","116,346A","115,016A","116,029A","116,551A","118,305A","120,054A","119,217A","119,059A","117,595A","116,656A","116,782A","115,702A","114,707A","113,755A","114,501A","113,445A","114,122A","116,733A","115,331A","116,146A","116,464A","116,814A","115,954A","115,233A","115,460A","114,154A","116,197A","116,386A","116,766A","119,012A","120,131A","121,351A","120,358A","120,254A","119,377A","118,842A","117,829A","117,338A","119,051A","118,015A","118,138A","120,009A","120,674A","121,450A","121,288A","121,351A","121,119A","121,636A","122,410A","121,822A","121,430A","120,431A","122,789A","125,799A","125,827A","127,195A","127,373A","126,538A","124,563A","125,453A","125,416A","124,510A","126,261A","126,449A","126,126A","127,937A","128,902A","130,055A","128,970A","127,277B","128,109A","127,743B","127,925B","127,272B","125,872B","124,555B","122,635B","121,692B","122,398C","124,627A","123,368A","122,683A","122,247A","122,638A","123,091A","121,011A","120,862A","120,855A","121,744A","124,023A","125,688A","126,861A","126,694A","126,119A","126,404A","127,213A","128,587A","127,270A","126,501B","125,822A","127,517A","128,632A","130,408B","129,931A","131,194B","130,413B","129,426B","129,309B","130,108B","128,799B","130,552B","130,217B","130,597A","132,886B","135,242A","136,037A","135,281B","136,000A","134,150A","133,789B","133,298A","132,890A","132,683A","133,563A","133,944B","134,862B","137,259B","136,381B","134,717B","133,591B","134,359A","135,227A","135,024A"
"Construction","716,909A","724,739A","739,610A","776,244A","836,694A","875,047A","879,851A","896,670A","902,576A","895,836A","878,435A","834,634A","746,174A","760,182A","772,461A","800,978A","851,650A","906,739A","918,274A","923,624A","940,717A","928,792A","915,667A","871,792A","776,460A","794,235A","809,152A","843,531A","916,040A","957,386A","966,734A","979,071A","985,725A","982,181A","966,300A","925,028A","827,975A","850,386A","865,387A","892,292A","949,895A","967,263A","1,001,408A","1,024,627A","1,024,380A","1,018,014A","997,441A","945,910A","847,103A","873,913A","878,378A","897,257A","974,681A","1,024,197A","1,030,792A","1,055,219A","1,062,428A","1,056,708A","1,027,918A","975,111A","871,136A","885,896A","888,138A","913,550A","996,388A","1,031,073A","1,032,682A","1,050,969A","1,055,936A","1,047,471A","1,010,688A","961,333A","868,554A","869,599A","877,818A","919,650A","972,991A","1,016,711A","1,029,173A","1,031,849A","1,047,369A","1,029,727A","1,011,216A","981,386A","874,136A","894,900A","901,519A","925,262A","994,567A","1,049,277A","1,058,607A","1,072,256A","1,082,710A","1,065,423A","1,047,028A","1,002,301A","894,124A","918,485A","933,774A","949,123A","1,023,380A","1,071,156A","1,079,099A","1,087,811A","1,101,425A","1,093,269A","1,085,576A","1,026,667A","933,823A","945,682A","953,611A","974,371A","1,043,441A","1,087,014A","1,096,566A","1,110,301A","1,116,798B","1,108,404A","1,086,916A","1,038,021A","945,049A","961,719B","885,401B","747,578B","846,014B","963,710B","994,206B","1,032,140B","1,060,803A","1,067,788B","1,046,927B","1,005,714B","936,551B","942,878B","964,840B","1,010,661B","1,061,830B","1,103,719B","1,105,674B","1,125,060B","1,141,812B","1,138,035B","1,120,461A","1,081,402A","1,005,400B","1,030,842A","1,043,431B","1,078,371B","1,127,540A","1,180,665B","1,189,164B","1,180,445B","1,206,093B","1,196,562B","1,180,957B","1,148,521B","1,049,650B","1,076,846B","1,078,919B","1,111,318B","1,177,358B","1,223,815B","1,228,971B","1,225,428B","1,240,785B","1,224,559B","1,201,490B","1,159,795B","1,061,372A","1,089,078B","1,098,194B","1,129,562B","1,190,817B","1,229,106B","1,232,021B","1,233,782B","1,245,045B","1,238,859B","1,220,426B","1,182,408B"
"Manufacturing","1,423,618A","1,438,731A","1,441,205A","1,455,101A","1,488,670A","1,515,307A","1,517,603A","1,495,528A","1,505,349A","1,494,494A","1,483,187A","1,493,979A","1,443,938A","1,461,647A","1,467,661A","1,490,141A","1,510,459A","1,536,667A","1,534,960A","1,513,401A","1,527,742A","1,506,486A","1,505,310A","1,509,803A","1,463,870A","1,467,994A","1,477,598A","1,488,369A","1,531,180A","1,548,746A","1,545,125A","1,535,540A","1,524,753A","1,518,878A","1,511,421A","1,511,958A","1,470,540A","1,475,745A","1,481,821A","1,493,004A","1,523,411A","1,534,442A","1,537,305A","1,525,226A","1,509,852A","1,507,165A","1,492,056A","1,492,983A","1,458,112A","1,463,175A","1,459,337A","1,467,465A","1,506,550A","1,525,502A","1,532,299A","1,516,031A","1,502,784A","1,500,672A","1,487,239A","1,500,867A","1,465,697A","1,471,061A","1,463,415A","1,482,398A","1,519,573A","1,538,754A","1,541,298A","1,516,304A","1,508,452A","1,500,882A","1,488,299A","1,496,027A","1,450,744A","1,444,763A","1,451,568A","1,465,560A","1,494,162A","1,520,629A","1,511,806A","1,496,130A","1,501,425A","1,484,631A","1,483,467A","1,499,453A","1,458,055A","1,466,053A","1,470,429A","1,479,742A","1,517,741A","1,545,015A","1,541,656A","1,537,407A","1,534,981A","1,518,098A","1,522,297A","1,529,738A","1,500,545A","1,515,088A","1,520,433A","1,530,045A","1,565,128A","1,588,467A","1,583,219A","1,572,363A","1,563,734A","1,562,590A","1,566,358A","1,574,820A","1,543,870A","1,556,260A","1,550,700A","1,567,494A","1,602,554A","1,612,267A","1,615,711A","1,606,677A","1,593,043B","1,581,798A","1,569,793B","1,565,692B","1,533,403A","1,532,997B","1,419,854B","1,305,618B","1,327,951B","1,429,822B","1,477,079B","1,483,335B","1,494,000B","1,494,531B","1,482,362B","1,494,982B","1,458,574B","1,470,164B","1,482,202B","1,501,338B","1,514,638B","1,540,588B","1,562,605B","1,543,422B","1,541,903B","1,538,307B","1,533,655B","1,545,782B","1,508,353B","1,527,126B","1,529,434B","1,547,847B","1,563,536B","1,586,806B","1,589,486B","1,577,280B","1,579,729B","1,569,557B","1,566,140B","1,573,137B","1,525,595B","1,535,501B","1,535,526B","1,547,957B","1,573,867B","1,604,964B","1,597,928B","1,585,061B","1,582,416B","1,567,704B","1,566,436B","1,563,260B","1,530,625B","1,534,362B","1,534,139B","1,547,559B","1,580,316B","1,588,657B","1,590,948B","1,581,778B","1,573,228B","1,567,049B","1,561,209B","1,562,181B"
"Service producing industries 11","11,622,761A","11,637,697A","11,662,786A","11,747,498A","11,865,170A","12,027,474A","11,812,559A","11,595,484A","11,895,006A","11,962,599A","11,949,193A","12,093,350A","11,761,432A","11,789,384A","11,826,045A","11,894,952A","12,011,624A","12,205,016A","11,952,808A","11,780,271A","12,067,492A","12,102,409A","12,127,203A","12,232,981A","11,913,626A","11,928,092A","11,978,549A","12,065,834A","12,258,704A","12,416,710A","12,165,920A","12,040,672A","12,297,391A","12,317,495A","12,349,660A","12,403,557A","12,110,838A","12,138,819A","12,193,608A","12,251,387A","12,415,190A","12,546,071A","12,322,000A","12,218,545A","12,475,378A","12,542,885A","12,538,233A","12,625,542A","12,329,623A","12,305,027A","12,348,157A","12,405,517A","12,626,397A","12,775,411A","12,545,916A","12,398,141A","12,662,092A","12,726,520A","12,678,941A","12,769,915A","12,494,769A","12,483,572A","12,505,835A","12,603,756A","12,769,683A","12,908,201A","12,683,836A","12,472,211A","12,782,738A","12,881,907A","12,852,524A","12,968,936A","12,628,819A","12,638,243A","12,677,326A","12,760,148A","12,933,099A","13,144,229A","12,870,174A","12,669,950A","13,031,561A","13,072,841A","13,081,574A","13,200,792A","12,835,875A","12,877,380A","12,894,911A","12,945,362A","13,140,501A","13,388,380A","13,111,565A","12,951,483A","13,299,844A","13,317,290A","13,316,046A","13,432,592A","13,080,538A","13,102,947A","13,174,132A","13,211,615A","13,435,566A","13,638,570A","13,334,077A","13,189,699A","13,539,802A","13,614,780A","13,689,259A","13,742,529A","13,449,676A","13,474,507A","13,523,634A","13,562,893A","13,756,230A","13,944,116A","13,717,147A","13,523,015A","13,859,305B","13,909,961A","13,930,628A","14,000,978A","13,688,898A","13,652,195B","12,945,082B","11,476,274B","11,102,609B","11,743,551B","12,162,915B","12,205,842B","12,815,612A","13,013,352B","12,972,387B","13,069,120A","12,571,586A","12,621,812A","12,866,437A","13,022,731A","12,934,382B","13,327,644B","13,357,819B","13,202,528B","13,621,872A","13,760,205A","13,798,689B","13,969,315B","13,580,644B","13,661,876B","13,815,853B","13,977,539B","14,093,261B","14,381,487B","14,147,765B","13,923,589B","14,362,955B","14,409,739B","14,448,031B","14,582,028B","14,289,173B","14,315,297B","14,366,590B","14,337,003B","14,591,841B","14,819,394B","14,524,698B","14,292,603B","14,719,014B","14,748,123B","14,662,734B","14,792,945B","14,497,511B","14,494,365B","14,563,329B","14,626,538B","14,789,298B","14,939,068B","14,679,848B","14,468,592B","14,828,428B","14,855,134B","14,823,352B","14,931,023B"
"Trade 12","2,591,934A","2,535,141A","2,529,806A","2,568,407A","2,600,818A","2,622,862A","2,626,642A","2,605,399A","2,609,984A","2,620,715A","2,640,269A","2,694,684A","2,610,734A","2,565,536A","2,560,118A","2,577,275A","2,603,305A","2,639,754A","2,633,575A","2,620,352A","2,627,486A","2,624,909A","2,658,140A","2,697,559A","2,618,899A","2,562,659A","2,566,862A","2,600,976A","2,650,916A","2,676,814A","2,678,838A","2,671,120A","2,666,936A","2,661,908A","2,694,435A","2,716,983A","2,648,680A","2,613,347A","2,621,192A","2,631,542A","2,673,142A","2,694,491A","2,692,984A","2,694,222A","2,693,494A","2,690,997A","2,716,449A","2,771,142A","2,683,432A","2,622,640A","2,638,890A","2,664,811A","2,724,086A","2,737,157A","2,739,862A","2,732,342A","2,733,059A","2,734,459A","2,748,002A","2,790,591A","2,703,523A","2,647,906A","2,645,266A","2,678,722A","2,722,869A","2,735,729A","2,746,459A","2,726,947A","2,737,137A","2,745,694A","2,760,920A","2,802,064A","2,700,730A","2,656,484A","2,652,853A","2,676,688A","2,720,563A","2,756,028A","2,743,275A","2,734,129A","2,742,274A","2,746,223A","2,772,695A","2,814,802A","2,715,750A","2,669,826A","2,657,361A","2,679,244A","2,729,229A","2,779,710A","2,780,020A","2,784,091A","2,780,192A","2,775,803A","2,795,966A","2,835,429A","2,732,331A","2,692,155A","2,703,735A","2,715,848A","2,773,455A","2,803,046A","2,793,371A","2,795,862A","2,791,269A","2,799,787A","2,849,369A","2,879,122A","2,803,566A","2,774,822A","2,767,961A","2,778,463A","2,819,386A","2,841,893A","2,839,136A","2,827,439A","2,819,076B","2,821,314A","2,852,193A","2,888,755A","2,811,973A","2,766,673B","2,584,163B","2,269,908B","2,260,200B","2,463,837B","2,607,497B","2,626,198B","2,667,116B","2,705,638B","2,738,668B","2,773,559A","2,616,699A","2,594,076A","2,676,392A","2,711,975A","2,677,364A","2,740,103B","2,784,126B","2,769,803A","2,773,005B","2,783,014B","2,810,770B","2,855,283A","2,785,833A","2,746,871A","2,766,618A","2,789,013B","2,817,790A","2,855,041B","2,856,617B","2,830,698B","2,844,856A","2,840,731B","2,858,199B","2,883,414A","2,832,155B","2,801,248A","2,794,245B","2,818,944B","2,849,020B","2,878,084B","2,873,395B","2,856,053B","2,860,419A","2,860,906A","2,867,952B","2,886,279B","2,833,588A","2,781,895B","2,779,290A","2,798,577B","2,834,117B","2,843,562B","2,848,228B","2,836,968B","2,826,695B","2,835,368A","2,845,692B","2,859,036B"
"Transportation and warehousing","653,184A","654,391A","654,365A","655,083A","656,528A","668,749A","656,837A","650,644A","669,141A","665,917A","664,485A","672,822A","660,955A","662,049A","661,142A","666,816A","668,241A","682,947A","670,322A","669,971A","684,690A","685,571A","685,164A","696,231A","678,097A","678,381A","676,642A","679,183A","690,391A","700,268A","691,813A","690,797A","711,748A","709,781A","708,074A","712,420A","695,717A","692,350A","693,461A","694,571A","704,114A","713,427A","703,699A","700,973A","721,101A","718,346A","716,977A","724,861A","708,579A","705,416A","701,102A","703,393A","717,545A","726,263A","718,974A","706,293A","726,485A","723,913A","720,477A","727,850A","714,681A","712,820A","710,380A","713,047A","722,331A","736,329A","723,195A","710,336A","727,067A","730,216A","728,549A","739,181A","724,849A","716,311A","711,642A","718,999A","727,370A","738,156A","728,009A","714,717A","740,088A","737,666A","735,270A","748,480A","728,634A","726,187A","721,043A","725,949A","736,045A","750,154A","738,088A","730,387A","751,743A","747,919A","751,825A","763,779A","746,345A","736,809A","738,625A","742,153A","752,912A","768,090A","755,424A","750,372A","777,291A","778,911A","782,176A","789,848A","772,472A","767,720A","765,217A","765,586A","774,441A","786,991A","773,971A","773,238A","794,301B","800,339A","802,135A","813,194B","799,388B","782,236B","741,933B","709,022B","682,484B","715,975B","711,470B","708,371B","751,550A","771,043B","765,971B","786,039B","763,002B","757,974B","753,306B","759,063B","755,424B","773,449B","765,044B","751,632B","768,922B","781,061B","782,063B","800,910B","786,045B","785,704B","783,404B","793,473B","795,723B","816,317B","804,861B","796,245B","820,015B","826,079B","827,858B","845,947B","834,356B","831,592A","827,686B","833,996B","837,817B","851,108B","836,004B","827,483B","847,125B","846,741B","845,796B","855,730B","845,206B","838,495B","834,954B","838,598B","845,946B","856,948B","842,718B","835,979B","854,368B","854,930B","817,566B","867,117B"
"Information and cultural industries","328,719A","329,125A","331,896A","332,480A","334,737A","337,539A","339,117A","341,099A","342,798A","345,985A","343,275A","349,427A","345,917A","343,577A","344,001A","342,407A","343,380A","346,319A","347,815A","347,184A","348,659A","346,997A","346,762A","349,266A","344,991A","344,050A","348,982A","347,538A","349,864A","351,740A","351,507A","355,603A","353,683A","346,452A","345,870A","348,369A","345,780A","342,663A","344,034A","348,541A","348,328A","346,250A","346,470A","346,499A","347,046A","348,251A","347,352A","349,486A","346,070A","344,208A","348,116A","343,443A","346,512A","346,864A","349,729A","349,995A","347,028A","349,704A","347,788A","348,156A","345,945A","345,983A","346,754A","351,804A","351,428A","351,979A","354,018A","352,685A","352,428A","353,408A","355,514A","354,635A","348,339A","349,133A","348,704A","345,725A","347,277A","351,840A","354,756A","352,484A","352,344A","351,712A","357,522A","361,712A","358,966A","361,915A","363,468A","358,119A","359,724A","360,847A","361,183A","359,344A","359,400A","354,408A","358,273A","360,789A","354,574A","357,726A","355,906A","353,698A","356,310A","356,014A","354,482A","353,677A","351,739A","350,345A","352,333A","350,827A","349,341A","347,244A","347,447A","349,119A","353,757A","356,888A","358,372A","358,467A","357,001A","353,197B","353,152B","355,797A","352,001A","352,708B","343,038B","321,401B","303,314B","305,637B","312,052B","325,639B","339,275A","344,685B","341,768A","342,001B","338,638B","339,767A","339,923A","342,696A","344,191A","346,121A","353,592A","356,691A","357,328A","361,069A","364,605B","366,846A","357,142A","362,463B","361,316A","371,086B","373,347B","378,626B","383,237B","385,789B","385,160B","386,034A","385,656B","382,265A","370,569B","369,466A","367,615B","368,798B","370,455B","369,294B","366,702B","363,039B","359,686B","357,715B","358,765B","357,184B","357,225B","355,691B","357,521B","358,077B","359,494B","360,913B","361,446A","361,168A","360,289A","359,373B","360,980B","354,528B"
"Finance and insurance","683,626A","679,647A","677,062A","679,460A","681,332A","687,768A","687,317A","682,380A","680,909A","684,771A","688,084A","685,173A","677,918A","682,813A","680,224A","684,097A","684,615A","692,971A","691,362A","686,302A","685,210A","683,323A","685,207A","691,524A","693,509A","690,068A","689,558A","689,763A","693,099A","700,988A","696,209A","693,366A","691,934A","691,001A","693,222A","700,265A","698,980A","692,425A","692,019A","692,659A","694,882A","703,912A","706,774A","706,091A","698,486A","699,261A","695,995A","706,761A","701,450A","699,657A","699,215A","702,217A","706,832A","714,170A","710,822A","710,385A","704,802A","701,198A","699,901A","708,182A","706,326A","703,821A","706,731A","708,708A","710,284A","719,063A","717,496A","711,991A","708,443A","707,822A","712,241A","724,321A","722,165A","715,095A","715,291A","717,638A","720,404A","722,698A","725,514A","721,730A","721,029A","721,825A","723,698A","728,570A","723,096A","722,484A","719,921A","719,962A","728,151A","728,383A","729,927A","729,846A","726,370A","723,698A","724,960A","730,828A","727,022A","726,269A","726,135A","727,371A","733,038A","740,191A","738,481A","738,845A","734,655A","735,542A","739,835A","750,693A","739,099A","735,622A","740,282A","747,094A","745,906A","751,132A","758,119A","755,506A","753,711A","752,803A","755,715A","765,088A","754,881B","749,279A","741,166B","727,304B","724,650A","725,093A","732,701B","728,835A","732,657A","735,550A","739,224A","749,855A","739,868A","745,397A","752,797A","756,751A","757,422A","770,011A","774,468A","764,705A","774,788A","775,916A","773,668A","787,437A","785,894A","781,529A","791,227A","800,740A","802,502A","814,990B","822,240B","817,849A","818,404A","821,509A","827,188A","844,404A","837,136A","830,809A","836,305A","832,092A","834,904A","840,878A","839,268A","839,335A","841,430A","839,802A","836,998A","849,558A","843,824A","844,100A","847,098A","843,831A","847,896A","854,849A","854,419B","852,273B","847,594A","848,791A","850,492A","860,148A"
"Real estate and rental and leasing","248,667A","244,246A","243,114A","245,162A","247,853A","255,432A","256,325A","253,340A","253,387A","251,598A","253,509A","261,145A","251,697A","251,985A","249,939A","249,255A","251,954A","261,226A","259,134A","257,530A","257,394A","252,263A","252,474A","256,205A","247,422A","245,831A","246,795A","247,000A","256,652A","261,723A","262,592A","263,445A","260,665A","259,370A","258,539A","259,774A","255,443A","257,671A","261,416A","262,053A","267,266A","274,770A","276,412A","277,801A","274,315A","272,805A","272,434A","279,022A","269,350A","265,890A","268,642A","271,632A","279,085A","287,109A","288,567A","289,117A","288,318A","285,499A","284,815A","290,173A","281,741A","279,603A","277,427A","282,040A","286,232A","292,418A","293,906A","291,102A","290,673A","295,058A","295,296A","302,407A","291,910A","289,575A","284,070A","284,254A","289,809A","298,304A","297,520A","294,189A","296,400A","293,337A","292,231A","298,722A","289,639A","287,060A","283,411A","285,388A","291,259A","300,870A","300,359A","299,989A","301,526A","297,349A","296,357A","299,992A","289,623A","288,582A","287,722A","285,235A","292,031A","299,170A","297,327A","296,838A","298,508A","296,759A","297,022A","301,284A","293,382A","291,340A","291,714A","292,083A","298,458A","306,014A","303,145A","300,721A","299,770B","295,565A","295,563B","300,310A","288,419A","284,628B","257,296B","228,706B","221,068B","234,919B","243,672B","247,039B","252,663A","253,032B","252,573A","259,034A","248,011A","250,236A","250,769A","251,744A","253,736B","263,095B","266,709B","266,477B","268,626A","271,994B","272,996A","281,770B","274,081B","271,123B","270,237B","274,194B","278,911B","289,496B","289,782B","290,121B","291,869B","290,019B","289,836B","295,660B","285,816B","283,202B","282,330B","282,373B","288,511B","296,980B","296,912B","294,756B","295,644B","292,194B","290,018B","296,666B","288,406B","286,521B","284,523B","285,949B","292,193B","299,653B","300,542B","298,877B","298,817B","295,893B","295,423B","299,956B"
"Professional, scientific and technical services","747,067A","751,043A","754,957A","758,713A","765,037A","771,672A","767,897A","762,710A","761,190A","761,153A","765,244A","779,704A","761,307A","771,259A","776,356A","780,308A","786,410A","794,372A","793,250A","790,842A","790,387A","788,314A","793,620A","806,027A","794,698A","798,742A","794,357A","801,617A","814,946A","825,225A","823,668A","817,010A","811,609A","810,074A","814,413A","822,263A","801,869A","808,458A","809,812A","814,576A","822,146A","832,066A","830,025A","828,754A","826,326A","825,194A","826,763A","836,034A","819,850A","818,238A","823,250A","827,929A","839,404A","852,554A","852,024A","854,695A","850,967A","851,752A","852,474A","858,517A","843,849A","845,891A","846,940A","850,036A","857,301A","863,785A","861,461A","860,074A","855,508A","853,193A","850,704A","866,383A","849,621A","848,039A","849,449A","852,342A","861,763A","869,716A","866,837A","864,798A","866,325A","866,023A","869,849A","888,927A","872,254A","876,731A","879,103A","882,146A","895,715A","904,245A","900,944A","901,708A","900,530A","896,823A","900,917A","917,900A","902,038A","908,826A","919,200A","922,871A","937,502A","943,404A","941,573A","942,392A","938,467A","941,029A","948,423A","964,589A","950,579A","951,638A","956,463A","959,585A","971,280A","983,649A","989,332A","990,412A","987,220A","988,905A","991,956B","1,001,022A","986,486A","986,236B","955,297B","914,957B","903,822B","924,311B","940,104B","949,707B","962,290B","972,527B","983,200B","994,381A","993,727B","1,001,411A","1,010,853B","1,021,434B","1,037,145A","1,057,466A","1,066,265B","1,069,075A","1,080,328A","1,087,839A","1,094,777B","1,110,403B","1,118,062B","1,123,481A","1,131,799B","1,140,600B","1,160,008B","1,174,434B","1,184,576B","1,188,338B","1,193,840B","1,197,010B","1,198,361B","1,212,273B","1,201,918A","1,202,622B","1,206,324B","1,210,937B","1,222,440B","1,232,299B","1,228,628B","1,226,555A","1,224,494B","1,223,934B","1,222,498B","1,229,219B","1,222,169B","1,222,378B","1,222,144A","1,222,985B","1,231,823B","1,241,349B","1,239,591B","1,235,326B","1,230,700B","1,226,037A","1,229,193B","1,238,194B"
"Management of companies and enterprises","111,492A","106,283A","105,341A","106,453A","107,159A","108,248B","107,889A","107,637A","107,776A","105,599A","103,833A","106,951A","102,409A","101,235A","100,426A","101,082A","101,902A","105,265A","104,881A","105,127A","103,462A","103,711A","105,973A","108,020A","105,527A","104,190A","105,023A","108,771A","112,505A","116,571A","116,604A","116,155A","115,376A","110,192A","110,196A","110,160A","105,013A","104,412A","105,290A","105,443A","107,781A","109,517A","109,259A","105,382A","105,969A","106,344A","106,804A","106,515A","102,255A","101,480A","101,187A","102,772A","104,923A","107,446A","107,863A","105,548A","105,534A","104,637A","104,724A","106,337A","105,580A","104,159A","101,344A","101,238A","101,606A","104,192A","103,586A","101,887A","103,355A","102,526A","100,251A","101,377A","96,879A","96,128A","95,873A","97,086A","97,544A","99,503A","98,395A","97,090A","97,943A","98,342A","95,298A","96,737A","95,276A","97,166A","94,914A","95,543A","97,889A","100,638A","96,029A","95,327A","96,147A","98,191A","96,441A","98,946A","96,948A","98,082A","97,427A","98,401A","100,359A","101,833A","103,534A","103,240A","104,651A","104,918A","106,176A","107,043A","105,138A","105,291A","104,610A","106,537A","109,060A","112,081A","109,731A","109,481A","110,236B","109,884B","111,013B","112,898B","111,608A","113,742B","110,041B","104,630B","102,829B","105,948B","105,752B","109,678B","112,411B","117,260B","114,926A","115,939A","115,497B","115,483A","114,757A","115,326A","115,038B","119,215A","119,170A","121,758A","120,965A","122,055A","120,580A","122,475A","121,540B","123,419B","125,007B","122,412A","120,859A","123,465B","122,997B","120,007A","119,383B","123,068B","122,780B","124,320A","124,918B","124,870B","123,684B","125,037B","126,043A","128,000B","125,752B","124,467B","124,730B","120,595B","119,898B","122,389B","118,934B","117,155B","118,823B","121,828B","123,977B","122,613B","121,441B","120,105B","120,016B","118,330B","119,811B","120,869A"
"Administrative and support, waste management and remediation services","691,169A","706,951A","708,873A","719,609A","731,685A","748,531A","753,179A","748,009A","752,255A","750,352A","741,491A","738,941A","708,130A","713,766A","715,941A","726,929A","744,999A","761,013A","762,352A","759,320A","762,935A","758,555A","752,327A","750,543A","717,809A","715,123A","721,751A","734,564A","763,452A","777,242A","780,579A","782,266A","776,576A","774,843A","771,222A","761,828A","728,239A","732,252A","738,638A","744,595A","768,050A","782,199A","787,933A","798,828A","799,062A","799,320A","792,362A","777,568A","751,275A","747,830A","753,977A","759,889A","794,370A","807,024A","806,116A","809,450A","808,935A","808,113A","792,719A","785,461A","755,844A","750,830A","754,397A","763,834A","793,284A","807,427A","812,876A","809,308A","815,784A","807,306A","793,895A","787,555A","747,454A","757,849A","760,345A","771,002A","785,703A","811,796A","820,902A","816,331A","823,777A","814,366A","809,295A","808,899A","765,931A","765,924A","771,718A","786,536A","812,614A","837,884A","836,316A","836,925A","831,261A","824,293A","818,366A","808,913A","778,762A","775,625A","778,300A","789,525A","817,890A","841,855A","843,780A","845,470A","855,241A","852,515A","855,743A","836,661A","805,977A","808,122A","809,762A","810,988A","837,896A","859,813A","868,958A","869,997A","874,108B","872,085B","867,436B","853,000A","811,743B","806,584B","767,357B","690,344B","679,120B","714,695B","751,436B","760,427B","779,919B","789,175B","786,705B","785,540B","756,800B","748,645B","751,737B","778,855B","791,945B","811,760B","822,526B","817,505B","817,569B","819,488B","816,663B","818,181B","786,193B","786,981B","793,757B","810,325B","825,004B","848,095B","850,853B","847,907B","856,248B","850,359B","848,962B","844,309B","811,634B","808,033B","810,490B","818,316B","837,327B","854,369B","855,002B","851,017B","857,300B","847,824B","844,731B","836,445B","804,842B","797,412B","800,279B","808,786B","828,563B","832,240B","836,587B","833,778B","834,657B","830,584B","824,348B","822,665B"
"Educational services","1,195,583A","1,249,375A","1,252,342A","1,245,611A","1,224,493A","1,202,311A","943,309A","811,942A","1,104,190A","1,225,902A","1,249,458A","1,271,464A","1,207,659A","1,252,317A","1,256,893A","1,251,810A","1,216,487A","1,193,406A","920,929A","811,623A","1,096,004A","1,220,726A","1,241,506A","1,249,491A","1,193,298A","1,257,071A","1,265,472A","1,257,935A","1,226,196A","1,206,026A","932,448A","830,056A","1,138,402A","1,243,093A","1,270,224A","1,279,428A","1,227,107A","1,283,942A","1,296,706A","1,289,927A","1,253,740A","1,230,257A","950,450A","851,046A","1,163,172A","1,287,438A","1,312,540A","1,304,725A","1,258,521A","1,310,607A","1,312,948A","1,304,166A","1,268,924A","1,250,417A","960,163A","857,140A","1,164,626A","1,292,792A","1,316,893A","1,316,874A","1,271,407A","1,325,533A","1,326,725A","1,328,308A","1,287,583A","1,273,088A","979,840A","857,110A","1,171,197A","1,304,031A","1,332,996A","1,344,126A","1,284,356A","1,338,964A","1,348,548A","1,348,470A","1,313,447A","1,298,557A","992,364A","873,831A","1,202,349A","1,328,099A","1,356,204A","1,366,144A","1,291,835A","1,364,682A","1,372,755A","1,363,678A","1,326,250A","1,319,261A","1,017,441A","889,040A","1,246,395A","1,372,620A","1,387,511A","1,407,556A","1,337,788A","1,403,089A","1,415,190A","1,402,684A","1,371,394A","1,359,699A","1,048,937A","918,416A","1,281,886A","1,403,166A","1,432,956A","1,434,274A","1,371,715A","1,436,998A","1,449,361A","1,450,605A","1,410,806A","1,393,633A","1,097,840A","951,458A","1,320,366A","1,445,863A","1,474,491A","1,471,896A","1,407,948A","1,469,062B","1,452,181A","1,332,721A","1,219,178B","1,183,549B","1,001,800A","881,521B","1,246,786A","1,372,669A","1,399,965A","1,411,422B","1,330,300A","1,389,192A","1,421,254A","1,413,285A","1,346,878A","1,354,292A","1,086,905B","935,348A","1,295,351A","1,432,201A","1,465,852B","1,486,712B","1,405,716B","1,467,388B","1,483,412B","1,495,647A","1,434,868A","1,441,647B","1,132,994B","975,420A","1,354,813A","1,474,926B","1,514,840A","1,538,669B","1,448,898B","1,524,142B","1,538,340A","1,534,956A","1,489,840A","1,487,520A","1,166,428A","1,000,671B","1,411,144A","1,531,054A","1,497,148A","1,562,557A","1,465,721A","1,547,737A","1,572,173A","1,576,982A","1,534,298A","1,527,401A","1,195,940A","1,043,929A","1,452,356A","1,555,382A","1,591,370A","1,595,816A"
"Health care and social assistance","1,616,119A","1,616,108A","1,625,889A","1,629,302A","1,630,125A","1,651,654A","1,662,387A","1,657,096A","1,658,620A","1,651,512A","1,653,811A","1,677,926A","1,654,778A","1,648,116A","1,664,017A","1,669,982A","1,671,188A","1,688,117A","1,701,603A","1,697,756A","1,699,930A","1,690,590A","1,698,286A","1,713,722A","1,689,481A","1,688,869A","1,697,671A","1,703,889A","1,714,646A","1,728,878A","1,740,640A","1,739,199A","1,732,645A","1,730,286A","1,735,277A","1,743,660A","1,734,571A","1,725,187A","1,728,880A","1,734,910A","1,746,241A","1,756,986A","1,770,962A","1,766,037A","1,763,010A","1,757,068A","1,762,645A","1,783,160A","1,766,806A","1,766,465A","1,764,574A","1,769,521A","1,783,902A","1,798,992A","1,814,230A","1,805,141A","1,804,824A","1,799,917A","1,798,411A","1,816,149A","1,807,975A","1,808,102A","1,812,122A","1,818,892A","1,822,698A","1,839,063A","1,856,802A","1,846,759A","1,853,822A","1,855,741A","1,856,543A","1,873,047A","1,865,497A","1,863,634A","1,881,226A","1,887,469A","1,897,078A","1,917,674A","1,934,251A","1,926,018A","1,930,199A","1,926,766A","1,931,477A","1,942,713A","1,922,953A","1,925,233A","1,932,582A","1,932,368A","1,940,016A","1,966,971A","1,977,722A","1,969,351A","1,977,436A","1,971,473A","1,976,070A","1,992,392A","1,975,820A","1,969,873A","1,982,168A","1,990,159A","2,000,826A","2,024,278A","2,030,093A","2,034,481A","2,034,857A","2,041,698A","2,047,146A","2,054,063A","2,042,020A","2,039,452A","2,048,370A","2,047,301A","2,064,511A","2,087,171A","2,098,713A","2,097,683A","2,097,477A","2,093,660A","2,101,429A","2,117,138A","2,104,719B","2,097,215B","2,037,896B","1,885,142B","1,838,682B","1,930,422A","2,018,235B","2,033,506A","2,064,103A","2,070,413A","2,082,897A","2,109,183A","2,094,225A","2,093,114A","2,113,982A","2,142,016A","2,140,483A","2,170,295A","2,191,830A","2,179,131A","2,179,293A","2,174,438A","2,175,486A","2,202,352A","2,185,003B","2,197,481B","2,207,285B","2,210,703B","2,208,199B","2,237,096B","2,235,961B","2,223,688A","2,235,468A","2,230,702A","2,239,209B","2,263,236B","2,248,737B","2,239,117A","2,251,939B","2,257,381A","2,272,552B","2,308,606B","2,318,398B","2,314,184B","2,326,334B","2,330,803B","2,336,588B","2,354,609A","2,334,925B","2,327,840B","2,350,434B","2,357,289A","2,374,202B","2,391,008A","2,408,950B","2,407,262A","2,411,780B","2,410,492A","2,414,288B","2,438,124B"
"Arts, entertainment and recreation","216,122A","218,644A","220,941A","234,614A","251,741A","270,522A","283,855A","280,564A","270,463A","248,926A","223,860A","222,790A","217,774A","221,073A","221,963A","230,577A","251,590A","274,614A","286,641A","281,234A","276,437A","254,145A","231,857A","227,879A","221,647A","224,842A","228,258A","236,369A","257,675A","275,681A","288,922A","285,099A","272,418A","252,437A","233,248A","229,015A","224,894A","228,805A","229,906A","232,786A","256,969A","275,653A","290,693A","288,311A","274,040A","257,122A","236,236A","233,155A","229,905A","230,925A","231,315A","234,805A","260,960A","280,620A","295,632A","292,799A","280,131A","260,385A","234,791A","233,902A","230,182A","230,221A","233,713A","240,552A","268,166A","289,382A","305,713A","300,907A","295,212A","281,005A","256,061A","254,064A","247,641A","253,435A","256,209A","262,860A","284,812A","309,913A","325,111A","320,348A","314,702A","291,884A","270,565A","269,904A","262,904A","266,320A","268,140A","272,107A","295,640A","322,672A","336,256A","332,941A","320,809A","297,015A","274,181A","273,104A","268,371A","272,602A","275,226A","274,378A","304,146A","325,092A","342,444A","335,243A","322,772A","302,134A","284,271A","281,451A","278,641A","279,551A","284,356A","288,577A","315,279A","335,292A","353,660A","346,045A","331,882B","313,234B","290,295A","287,645B","283,264B","284,160B","256,682B","147,930B","140,593B","173,378A","222,776B","234,651B","239,260B","228,152B","196,841B","190,763B","161,583B","159,592B","175,308B","189,849B","184,146A","219,245A","268,256B","283,336A","280,692A","267,459A","251,229A","249,319B","228,235B","233,043A","246,923B","261,843A","286,060A","313,878C","335,035B","331,622B","325,085A","297,549B","280,981B","280,422B","272,391B","276,042B","279,170B","286,492A","315,082B","340,837B","360,253B","354,633B","340,381B","319,050A","296,252B","291,471B","281,286B","282,775A","284,397A","295,772A","325,142A","347,735A","368,029A","357,411B","343,347A","326,144A","305,194B","297,451A"
"Accommodation and food services","1,030,541A","1,030,870A","1,031,690A","1,036,129A","1,071,527A","1,108,618A","1,121,947A","1,105,267A","1,109,731A","1,086,656A","1,066,942A","1,070,393A","1,041,394A","1,040,124A","1,048,634A","1,063,688A","1,094,123A","1,131,037A","1,142,103A","1,139,859A","1,144,928A","1,122,428A","1,107,830A","1,112,959A","1,079,852A","1,075,211A","1,085,418A","1,107,907A","1,144,845A","1,179,075A","1,186,971A","1,187,764A","1,180,893A","1,159,673A","1,146,549A","1,146,354A","1,113,634A","1,112,360A","1,123,560A","1,147,088A","1,191,212A","1,217,885A","1,231,807A","1,235,238A","1,220,996A","1,200,033A","1,174,237A","1,175,555A","1,147,280A","1,139,069A","1,145,462A","1,158,608A","1,205,074A","1,237,914A","1,251,745A","1,253,701A","1,247,001A","1,226,643A","1,200,912A","1,201,658A","1,174,620A","1,168,643A","1,178,687A","1,195,685A","1,244,552A","1,270,629A","1,287,143A","1,281,644A","1,278,033A","1,262,189A","1,235,309A","1,240,970A","1,204,951A","1,198,971A","1,211,683A","1,228,837A","1,270,378A","1,308,567A","1,322,634A","1,318,870A","1,320,443A","1,293,343A","1,269,295A","1,272,580A","1,236,450A","1,230,596A","1,245,926A","1,259,721A","1,303,057A","1,347,032A","1,350,714A","1,351,574A","1,353,904A","1,320,856A","1,298,513A","1,299,038A","1,263,708A","1,255,121A","1,268,105A","1,281,259A","1,322,190A","1,366,060A","1,366,706A","1,369,224A","1,364,479A","1,335,279A","1,318,467A","1,323,162A","1,290,362A","1,279,554A","1,290,896A","1,298,431A","1,339,992A","1,380,778A","1,404,437A","1,397,248A","1,393,270B","1,360,107B","1,333,659B","1,335,864B","1,301,320B","1,283,577B","1,076,231B","653,510B","580,010B","749,554B","933,656B","1,002,707B","1,050,362B","1,031,957B","954,408B","925,310B","846,350B","850,249B","901,263B","922,993B","887,033B","1,008,211B","1,119,245B","1,169,112B","1,191,740B","1,178,930B","1,163,090B","1,167,600B","1,062,559B","1,082,550B","1,140,954B","1,192,473B","1,241,100B","1,300,969C","1,325,954C","1,321,781B","1,328,114B","1,291,486B","1,270,397B","1,274,643B","1,239,783B","1,238,473B","1,251,574B","1,270,079B","1,312,149B","1,359,382B","1,369,929B","1,359,019B","1,357,140B","1,320,584B","1,289,644B","1,283,818B","1,252,691B","1,236,922B","1,251,110B","1,260,633B","1,307,702B","1,344,160B","1,362,874B","1,358,070B","1,343,266B","1,307,706B","1,289,635B","1,285,582B"
"Other services (except public administration)","493,877A","495,156A","500,252A","506,068A","510,268A","518,153A","518,849A","512,802A","514,762A","515,301A","515,394A","519,343A","503,337A","505,884A","509,959A","514,287A","517,033A","527,218A","530,514A","527,564A","528,997A","527,287A","529,649A","529,768A","510,011A","513,671A","518,093A","519,224A","529,215A","535,917A","536,898A","536,773A","533,220A","533,108A","535,209A","538,237A","519,741A","524,886A","527,203A","533,965A","538,650A","542,586A","547,108A","546,614A","541,758A","543,185A","542,833A","544,335A","528,753A","530,620A","533,334A","537,529A","547,550A","555,209A","558,957A","553,659A","552,877A","553,245A","549,721A","552,974A","537,661A","539,987A","539,867A","544,174A","548,099A","554,224A","558,704A","549,988A","546,881A","549,003A","546,041A","546,329A","526,352A","524,958A","527,051A","531,116A","536,788A","546,103A","543,828A","540,475A","542,085A","538,969A","537,747A","544,925A","524,151A","526,735A","527,848A","531,486A","539,100A","550,673A","550,911A","548,427A","550,002A","546,920A","544,964A","547,674A","530,737A","531,141A","535,420A","539,650A","549,582A","558,115A","556,408A","554,340A","554,663A","553,927A","557,940A","556,926A","543,253A","541,816A","546,291A","549,422A","557,400A","565,703A","568,653A","562,814A","563,052C","560,464A","559,817A","560,511A","544,182A","541,159B","490,075B","392,128B","372,908B","425,351A","466,281B","475,895A","489,894A","495,269B","494,615B","494,165B","459,285A","465,289A","477,683B","480,870A","470,643A","480,469A","514,042A","516,165B","522,278A","525,263A","524,582B","530,853A","514,377A","514,681A","519,431B","526,297B","532,952B","546,416B","550,666B","548,746B","552,844B","550,502B","551,282B","556,976B","547,115B","547,175A","550,564B","553,463B","559,733B","571,543B","572,702B","570,053B","572,382B","569,719A","570,191B","573,908B","562,827B","561,257B","564,927B","565,844B","574,721B","582,286B","585,558B","582,580B","577,273B","572,645B","571,059B","574,024B"
"Public administration","1,014,659A","1,020,717A","1,026,261A","1,030,408A","1,051,867A","1,075,414A","1,087,008A","1,076,595A","1,059,802A","1,048,212A","1,039,536A","1,042,586A","1,017,423A","1,029,649A","1,036,431A","1,036,440A","1,076,395A","1,106,758A","1,108,327A","1,085,605A","1,060,973A","1,043,589A","1,038,408A","1,043,787A","1,018,386A","1,029,383A","1,033,666A","1,031,099A","1,054,304A","1,080,563A","1,078,232A","1,072,019A","1,051,286A","1,035,276A","1,033,181A","1,034,801A","1,011,171A","1,020,061A","1,021,492A","1,018,730A","1,042,669A","1,066,071A","1,077,424A","1,072,750A","1,046,603A","1,037,519A","1,034,605A","1,033,224A","1,016,098A","1,021,983A","1,026,144A","1,024,803A","1,047,229A","1,073,672A","1,091,231A","1,077,876A","1,047,504A","1,034,263A","1,027,314A","1,033,093A","1,015,436A","1,020,072A","1,025,484A","1,026,717A","1,053,251A","1,070,893A","1,082,637A","1,071,471A","1,047,200A","1,034,714A","1,028,206A","1,032,478A","1,018,075A","1,029,667A","1,034,383A","1,037,664A","1,080,164A","1,115,375A","1,116,778A","1,094,940A","1,081,604A","1,064,287A","1,060,427A","1,057,679A","1,048,035A","1,056,519A","1,056,723A","1,053,116A","1,085,811A","1,119,042A","1,135,657A","1,122,535A","1,104,127A","1,089,922A","1,091,702A","1,096,252A","1,076,472A","1,087,048A","1,090,972A","1,088,383A","1,123,930A","1,151,723A","1,161,518A","1,151,300A","1,129,326A","1,118,771A","1,117,402A","1,112,586A","1,104,132A","1,115,337A","1,120,907A","1,119,101A","1,158,060A","1,183,077A","1,193,081A","1,182,506A","1,157,835B","1,142,540A","1,141,774A","1,137,861A","1,130,965A","1,134,936B","1,131,726A","1,098,569A","1,073,750A","1,090,882B","1,115,483B","1,121,670A","1,127,326A","1,125,982A","1,120,624A","1,131,929A","1,107,601A","1,111,387A","1,126,413A","1,135,874A","1,172,933A","1,213,914A","1,225,641A","1,201,793A","1,190,989A","1,179,479A","1,182,327B","1,189,174B","1,169,965A","1,185,161A","1,194,483B","1,188,733A","1,215,938A","1,241,018B","1,251,992B","1,245,378B","1,236,858A","1,229,765A","1,232,483A","1,235,491A","1,233,749A","1,238,504A","1,246,322A","1,144,139A","1,275,968B","1,300,493B","1,315,325B","1,311,339B","1,300,803B","1,287,202B","1,286,257B","1,293,113A","1,285,868A","1,294,187B","1,295,657A","1,291,386B","1,309,224B","1,334,352B","1,353,524B","1,344,866B","1,327,270B","1,313,457B","1,308,303B","1,317,514B"
"Unclassified businesses 7","227,285A","229,933A","238,714A","245,001A","257,758A","277,014A","290,792A","294,081A","304,990A","301,575A","290,766A","291,548A","273,036A","255,834A","259,088A","263,919A","280,355A","299,674A","308,174A","308,960A","319,241A","315,156A","295,510A","285,360A","264,800A","251,499A","256,073A","262,915A","274,059A","293,655A","296,627A","284,629A","282,447A","275,328A","268,665A","260,995A","242,646A","235,146A","228,387A","237,765A","236,823A","246,929A","253,386A","258,177A","253,965A","252,686A","245,459A","226,158A","212,131A","201,905A","210,388A","213,279A","219,992A","220,457A","222,976A","230,914A","235,171A","235,909A","229,524A","230,124A","233,141A","235,235A","239,004A","241,851A","258,536A","257,675A","268,809A","272,218A","273,648A","280,472A","272,999A","281,684A","271,435A","265,709A","273,037A","288,780A","293,120A","315,878A","314,834A","312,132A","311,319A","304,152A","289,223A","293,922A","291,532A","294,668A","304,597A","309,676A","322,412A","333,049A","333,116A","338,688A","337,860A","330,470A","333,796A","349,581A","346,025A","339,514A","335,746A","337,511A","341,916A","353,849A","349,352A","346,044A","347,318A","349,069A","270,533A","276,615A","284,893A","278,724A","289,299A","293,399A","307,891A","294,420A","297,709A","305,604A","293,313B","297,689A","291,401A","297,734A","300,153A","291,898B","275,066B","235,657B","221,264B","244,384B","256,784B","272,851B","283,797A","286,131B","256,312B","270,189B","269,251B","264,515A","270,358A","275,438B","284,738B","288,883B","295,342B","295,201B","302,023B","312,722A","307,351B","313,713B","320,045B","316,547B","323,794B","340,862B","351,901B","368,741B","358,435B","355,474B","358,429B","347,837B","342,110B","349,489B","346,258B","334,654B","344,878B","340,253B","346,125B","357,037B","368,045B","360,319B","353,609B","348,842B","348,301B","350,589B","343,322B","340,961B","351,892B","351,356B","356,557B","362,503B","369,292B","358,246B","362,394B","355,289B","353,657B","373,535B"

Symbol legend:
A, data quality: excellent
B, data quality: very good
C, data quality: good




Footnotes:
1,"The quality indicators take into account various factors that affect the quality of the data, notably the CV, the non-response errors and the imputation errors. Quality indicators indicate the following: A - Excellent; B - Very good; C - Good; D - Acceptable; E - Use with caution; F - Too unreliable to publish or sample size is too small to produce reliable estimates."
2,"The introduction of administrative data in 2001 and the associated change in methodology resulted in level shifts for some series. This affects the comparability of pre- and post-2001 estimates."
3,"Estimates for the latest reference month are preliminary."
4,"Industry estimates in this table are based on the 2022 North American Industry Classification System (NAICS) Version 1.0."
5,""All employees" is the sum of employees paid by the hour, salaried employees and other employees."
6,"Industrial aggregate covers all industrial sectors except those primarily involved in agriculture, fishing and trapping, private household services, religious organisations and the military personnel of the defence services."
7,"Unclassified businesses (00) are businesses for which the industrial classification (North American Industry Classification System [NAICS] 2022 Version 1.0) has yet to be determined."
8,"Employment data presented in this table, including the industrial aggregate series, excludes employees of businesses in the agriculture and support activities industries. For data specific to the agriculture and support activities industries (NAICS 111, 112, 1151 & 1152), please refer to table <a href="https://www150.statcan.gc.ca/t1/tbl1/en/tv.action?pid=1410048101" rel="external noopener noreferrer" target="_blank">14-10-0481-01: Employment for agriculture and support activities, monthly, unadjusted for seasonality (opens new window)</a>."
9,"Goods producing industries (11-33N) includes the following sectors: forestry, logging and support (11N), mining, quarrying, and oil and gas extraction (21), utilities (22), construction (23) and manufacturing (31-33)."
10,"Forestry, logging and support (11N) includes the following industries: forestry and logging (113) and support activities for forestry (1153)."
11,"Service producing industries (41-91N) includes the following industries: trade (41-45N), transportation and warehousing (48-49), information and cultural industries (51), finance and insurance (52), real estate and rental and leasing (53), professional, scientific and technical services (54), management of companies and enterprises (55), administrative and support, waste management and remediation services (56), educational services (61), health care and social assistance (62), arts, entertainment and recreation (71), accommodation and food services (72), other services (except public administration) (81) and public administration (91)."
12,"Trade (41-45N) industry includes the following sectors: wholesale trade (41) and retail trade (44-45)."



"How to cite: Statistics Canada. Table 14-10-0201-01  Employment by industry, monthly, unadjusted for seasonality"
https://www150.statcan.gc.ca/t1/tbl1/en/tv.action?pid=1410020101