price,pct_change_1d,pct_change_5d,pct_change_21d,is_major_change,change_magnitude,direction
75.11000061035156,-2.5936972949932913,-12.81485864188987,-12.038879087453292,True,2.5936972949932913,DOWN
76.80000305175781,2.2500365166730374,-10.89453431218076,-9.561935106302123,True,2.2500365166730374,UP
71.61000061035156,-3.7500011536382605,-4.659832208172865,-16.255410102474432,True,3.7500011536382605,DOWN
70.08000183105469,-2.136571381449903,-8.750001241763384,-15.809702511348544,True,2.136571381449903,DOWN
69.87000274658203,0.6627273594624006,-7.640447670473094,-16.273211142335708,True,0.6627273594624006,UP
68.01000213623047,-2.662087501409971,-8.588708680907454,-18.726097169930444,True,2.662087501409971,DOWN
70.04000091552734,2.9848532797140503,-2.192430779838961,-16.32018701405905,True,2.9848532797140503,UP
70.20999908447266,0.2427158291307574,0.18549835904879686,-17.516451105504792,True,0.2427158291307574,UP
68.75,-2.079474581271634,-0.9508768582152771,-18.349165686715306,True,2.079474581271634,DOWN
72.58000183105469,-1.8791393358249642,3.3755914791147923,-15.751595420167085,True,1.8791393358249642,DOWN
72.86000061035156,0.385779515339002,5.9781827059659065,-15.465832989292117,True,0.385779515339002,UP
93.56999969482422,8.549887479702889,10.328973456435175,5.005048876584284,True,8.549887479702889,UP
98.0999984741211,4.8412939981525405,16.342503355277806,11.642193476472817,True,4.8412939981525405,UP
97.27999877929688,-0.8358814552280935,14.460526208303936,12.866917303349457,True,0.8358814552280935,DOWN
97.87999725341797,0.6167747549856939,13.339505050542533,12.08060826882027,True,0.6167747549856939,UP
96.97000122070312,-0.9297058216693688,12.494204934749199,13.229801391642916,True,0.9297058216693688,DOWN
105.44000244140625,0.976828471889668,8.734661353077078,16.456816186450475,True,0.976828471889668,UP
105.0199966430664,-0.3983362942098223,5.410016599657719,17.960235968786577,True,0.3983362942098223,DOWN
104.37999725341797,-0.6094071701636228,2.1030948115865034,19.3186936990954,True,0.6094071701636228,DOWN
102.69999694824219,-1.609504071069301,0.7751871825577572,18.12743738701581,True,1.609504071069301,DOWN
101.16000366210938,-1.4995066522825007,-3.122002072401364,16.664750006005136,True,1.4995066522825007,DOWN
101.19000244140625,0.029654782731203255,-4.03072828299843,16.672429983616112,True,0.029654782731203255,UP
97.9800033569336,0.8232177909503591,-6.13143711907389,15.528836431389959,True,0.8232177909503591,UP
101.41999816894531,3.5109151808048855,-1.2463474365456473,20.27988441177704,True,3.5109151808048855,UP
101.06999969482422,-0.3450980875961629,-0.08897189010173001,18.91987555621466,True,0.3450980875961629,DOWN
102.33000183105469,1.2466628475660269,1.1265929065557234,18.49235885576046,True,1.2466628475660269,UP
104.0,1.6319731643340107,7.017904582637646,20.649656243544445,True,1.6319731643340107,UP
99.80000305175781,-8.641518671379044,-11.57185671448232,-7.88258590991483,True,8.641518671379044,DOWN
97.18000030517578,-2.6252531728112816,-14.702009966762953,-10.704770127601504,True,2.6252531728112816,DOWN
102.55000305175781,5.525831168675177,-9.663490059641944,-7.026291736695011,True,5.525831168675177,UP
98.20999908447266,-5.458219405910459,-10.097033133460975,-10.653201673524936,True,5.458219405910459,DOWN
86.62999725341797,-5.765259473690454,-11.09401161446879,-10.367308964581845,True,5.765259473690454,DOWN
81.30999755859375,-6.411141656205666,-14.311309851832643,-15.47817033472423,True,6.411141656205666,DOWN
79.30000305175781,-2.472013980061294,-15.449405823996154,-16.65790669463122,True,2.472013980061294,DOWN
82.37999725341797,-5.93743373934581,-3.896411478909867,-16.058693941557934,True,5.93743373934581,DOWN
82.26000213623047,-0.1456605015637158,-3.6542459798013183,-17.018052642592828,True,0.1456605015637158,DOWN
84.12000274658203,2.2611239509466863,-4.27855555797676,-15.770501218434207,True,2.2611239509466863,UP
80.51000213623047,-6.29655045159232,-9.94407073592165,-5.770131278445034,True,6.29655045159232,DOWN
84.44999694824219,5.246758719535793,-2.808151062890829,-1.0776686994738105,True,5.246758719535793,UP
75.66999816894531,-2.4996810026406524,-10.396683358885106,-12.46963465568528,True,2.4996810026406524,DOWN
79.68000030517578,5.2993289722004455,-1.8840029510472034,-7.370375011984676,True,5.2993289722004455,UP
85.41000366210938,2.9284167352021884,10.05025510941364,-2.097655028050094,True,2.9284167352021884,UP
85.80999755859375,0.4683220692353496,13.400290253753244,-2.698724137573061,True,0.4683220692353496,UP
93.16999816894531,2.0817372584216454,5.467514185285305,16.114158336753913,True,2.0817372584216454,UP
93.95999908447266,4.168516921777732,10.15239826833323,15.700037118259003,True,4.168516921777732,UP
93.19000244140625,-0.1393026723565005,2.1036549457194464,17.664149030594835,True,0.1393026723565005,DOWN
92.19000244140625,-1.0730764822425631,-1.0518361562721457,18.78624109830249,True,1.0730764822425631,DOWN
92.51000213623047,0.34710889071469797,2.5609814480523685,22.254532013714567,True,0.34710889071469797,UP
94.06999969482422,1.6863015053188546,0.11707174480990457,18.059738120650714,True,1.6863015053188546,UP
95.5199966430664,1.3367223406327788,2.5002619815630567,15.112066496542266,True,1.3367223406327788,UP
98.98999786376953,1.2374709547744889,5.018030575368515,17.523440482708864,True,1.2374709547744889,UP
99.37000274658203,1.2533150240301882,2.6549582787203763,15.038210125261454,True,1.2533150240301882,UP
102.58999633789062,3.2404080731690987,7.154792800254817,16.130858717149298,True,3.2404080731690987,UP
94.94999694824219,-5.182746627760359,-5.512987395061653,-3.2504610365248543,True,5.182746627760359,DOWN
87.81999969482422,-3.2393150861690367,-4.189399753289058,-16.258226952619694,True,3.2393150861690367,DOWN
86.52999877929688,-1.468914734696103,-3.748612557711617,-18.49096100758598,True,1.468914734696103,DOWN
83.2300033569336,-3.8137009926236587,-8.195455553771492,-20.899066345422902,True,3.8137009926236587,DOWN
83.9800033569336,0.9011173492131208,-7.572085854283095,-18.100251017047984,True,0.9011173492131208,UP
84.95999908447266,9.357699079169723,6.519554675237549,-1.8143993031002559,True,9.357699079169723,UP
87.66000366210938,4.668661089085813,10.458673119862816,4.3819959014945065,True,4.668661089085813,UP
89.77999877929688,-0.3883262895670647,1.8606755173645295,15.561843168957147,True,0.3883262895670647,DOWN
66.1500015258789,-10.232054099228305,-12.476845827888216,-19.525542601259794,True,10.232054099228305,DOWN
66.87999725341797,-3.072467748669605,-11.744525823759167,-16.960520867682106,True,3.072467748669605,DOWN
65.83999633789062,-1.4518803414899306,-0.4686397291570721,-16.31927289969838,True,1.4518803414899306,DOWN
63.04999923706055,-4.2375413973473215,-8.623189511506457,-19.073294476400882,True,4.2375413973473215,DOWN
63.81999969482422,1.2212537146409241,-4.575355389144198,-18.85569172706887,True,1.2212537146409241,UP
60.939998626708984,-4.512693641314447,-9.557730616236116,-21.266153197253455,True,4.512693641314447,DOWN
59.95000076293945,-1.624545267606281,-10.267919542487537,-23.08185926988048,True,1.624545267606281,DOWN
57.810001373291016,-3.5696403042772995,-12.196226323266647,-25.097173950886585,True,3.5696403042772995,DOWN
55.90999984741211,-3.2866311723644626,-11.324344926322494,-24.659748636069658,True,3.2866311723644626,DOWN
55.93000030517578,0.03577259491729379,-12.362894746751795,-26.233183157090156,True,0.03577259491729379,UP
56.470001220703125,0.9654942116590126,-7.3350795975350325,-25.343731258105727,True,0.9654942116590126,UP
54.11000061035156,-4.179211190607046,-9.741451339894102,-27.476209398604112,True,4.179211190607046,DOWN
56.52000045776367,4.453889891383711,-2.2314493770680732,-24.21560864828369,True,4.453889891383711,UP
55.2599983215332,-2.229303124602844,-1.1625854545749825,-26.88542341523509,True,2.229303124602844,DOWN
57.119998931884766,3.3659078299804746,2.127657107484149,-25.34309588675829,True,3.3659078299804746,UP
55.84000015258789,-2.2408942633617035,-1.1156384885719905,-26.31300996029654,True,2.2408942633617035,DOWN
54.72999954223633,-1.9878234371747627,1.1458120955299966,-26.130378934508503,True,1.9878234371747627,DOWN
53.61000061035156,-2.0464077128676705,-5.148619645866237,-27.249289137995437,True,2.0464077128676705,DOWN
54.119998931884766,0.9513119114472168,-2.062973985296368,-18.1859445449715,True,0.9513119114472168,UP
53.27000045776367,-1.5705810992178715,-6.74019353311297,-22.797100785849757,True,1.5705810992178715,DOWN
52.689998626708984,-1.0887963695711877,-5.641120195686322,-21.21710408112164,True,1.0887963695711877,DOWN
50.040000915527344,-5.029413133896599,-8.569337960782574,-25.734634972860615,True,5.029413133896599,DOWN
47.93000030517578,-4.216627841221388,-10.595038687761239,-28.259239549978766,True,4.216627841221388,DOWN
48.650001525878906,1.5021932320442133,-10.107164659944612,-26.108742053679237,True,1.5021932320442133,UP
48.790000915527344,0.28776852057026403,-8.40998592779889,-22.616968269765223,True,0.28776852057026403,UP
48.36000061035156,-0.8813287499630618,-8.217874604693021,-24.224379753054837,True,0.8813287499630618,DOWN
46.06999969482422,-4.735320278381394,-7.93365537183921,-24.401049010472885,True,4.735320278381394,DOWN
45.88999938964844,-0.3907104544565554,-4.256208851530197,-23.45287939009132,True,0.3907104544565554,DOWN
48.47999954223633,5.643931547255865,-0.3494388043382646,-16.139079068358697,True,5.643931547255865,UP
46.25,-4.599834082699461,-5.205986611734192,-17.27776761541029,True,4.599834082699461,DOWN
48.689998626708984,5.275672706397794,0.6823780235577281,-12.944755299414512,True,5.275672706397794,UP
46.38999938964844,-4.7237611458852635,0.6945945234294593,-17.850188796098585,True,4.7237611458852635,DOWN
46.310001373291016,-3.0765957378860564,-4.476068872597216,-18.06440021546425,True,3.0765957378860564,DOWN
45.59000015258789,-1.5547423868537802,-1.4270266971072587,-17.4990924043825,True,1.5547423868537802,DOWN
45.150001525878906,-0.965120915192641,-7.27048100364539,-20.955878203499278,True,0.965120915192641,DOWN
46.22999954223633,2.392022103783087,-0.34490159413067545,-17.20988643282837,True,2.392022103783087,UP
44.45000076293945,-3.8503110467709267,-6.969439308148983,-18.783115047102417,True,3.8503110467709267,DOWN
44.529998779296875,0.1799730370851238,-3.8436677633543415,-16.937141816225665,True,0.1799730370851238,UP
48.2400016784668,8.33146867476402,5.8126815464125015,-10.864740150528295,True,8.33146867476402,UP
53.04999923706055,7.020374346703262,14.75232481582307,0.6832427780119055,True,7.020374346703262,UP
48.45000076293945,-8.671062281387465,8.998874986150796,-3.177458280370482,True,8.671062281387465,DOWN
50.47999954223633,4.189883895419189,13.361780655843546,5.32025708496644,True,4.189883895419189,UP
50.02000045776367,-5.372682784327731,-5.711590618044959,3.432588557612193,True,5.372682784327731,DOWN
53.529998779296875,1.4209928331680555,1.2674955754996775,15.740537901182439,True,1.4209928331680555,UP
48.16999816894531,-5.530502876434262,-5.844412993324211,4.196406329047386,True,5.530502876434262,DOWN
43.880001068115234,-2.1409435352494066,-12.239997863769537,-14.313607005277106,True,2.1409435352494066,DOWN
43.459999084472656,-0.9571603769804038,-10.002074424276163,-17.658203695298337,True,0.9571603769804038,DOWN
44.65999984741211,2.761161500733178,-7.2866897549438985,-16.570145963304796,True,2.761161500733178,UP
43.959999084472656,-1.5673998328059047,-6.567481833568123,-15.688531647355152,True,1.5673998328059047,DOWN
49.209999084472656,3.578195796670758,10.188086100775484,-0.14204483879497465,True,3.578195796670758,UP
51.43000030517578,4.511280760018566,16.99272378588752,0.8629115752604388,True,4.511280760018566,UP
50.09000015258789,5.2310961308550175,1.7882566236277375,-0.8511486565311421,True,5.2310961308550175,UP
52.13999938964844,6.10500618083436,6.691222691290455,2.7186783170751516,True,6.10500618083436,UP
53.97999954223633,3.5289608249462256,10.88742646638201,8.808705660392446,True,3.5289608249462256,UP
50.41999816894531,-6.595037798222869,5.9243692966868045,0.839996337890625,True,6.595037798222869,DOWN
53.290000915527344,2.658449378100003,-1.2782486709157936,18.844783082481253,True,2.658449378100003,UP
56.38999938964844,5.817223533238547,11.840542319535752,28.50956703969503,True,5.817223533238547,UP
56.709999084472656,0.5674759678805152,11.65583394808618,30.487805520304168,True,0.5674759678805152,UP
55.7400016784668,-1.7104521630497582,7.939586245696639,24.80967727028942,True,1.7104521630497582,DOWN
56.380001068115234,1.1481868862154743,8.611059976579782,28.252962334636432,True,1.1481868862154743,UP
55.2599983215332,-1.9865248764875054,3.6967486811054773,20.86613483402564,True,1.9865248764875054,DOWN
56.15999984741211,1.628667305855136,-0.4078729291111638,18.35616215895943,True,1.628667305855136,UP
57.7400016784668,2.813393581459378,1.8162627589887625,21.53231681403154,True,2.813393581459378,UP
57.150001525878906,-1.0218221950761053,2.529601372360224,16.134937185787468,True,1.0218221950761053,DOWN
57.060001373291016,0.12282802730758657,3.257334611710272,16.758753059973497,True,0.12282802730758657,UP
58.58000183105469,2.66386333890829,4.3091203529518785,20.33689700865986,True,2.66386333890829,UP
59.630001068115234,1.7924192629572788,3.273292924674931,25.273115503427057,True,1.7924192629572788,UP
59.150001525878906,-0.8049631622310871,3.4995624612439435,18.08744528986177,True,0.8049631622310871,DOWN
58.93000030517578,-0.37193781069789766,3.404103473543141,19.9226720332228,True,0.37193781069789766,DOWN
60.400001525878906,2.494487040710247,5.853487683495384,15.841968225780922,True,2.494487040710247,UP
58.939998626708984,-3.266045738551804,-1.157139743495994,16.89805784842593,True,3.266045738551804,DOWN
59.38999938964844,0.7634896054027562,0.405744476041181,16.93246371155692,True,0.7634896054027562,UP
60.75,2.5316455696202445,0.5794676577468794,17.029474433775384,True,2.5316455696202445,UP
52.529998779296875,-7.728792380629724,-11.906761968204627,-9.431036587419184,True,7.728792380629724,DOWN
52.33000183105469,-0.3807290174943079,-10.286301751503835,-11.500083061434818,True,0.3807290174943079,DOWN
51.650001525878906,-1.299446362282075,-13.149486353300865,-11.16270714121309,True,1.299446362282075,DOWN
50.90999984741211,-0.9725734321805679,-3.5430067736535786,-15.107555759334012,True,0.9725734321805679,DOWN
50.88999938964844,-0.03928591204795939,-3.50777821376842,-15.070091881239145,True,0.03928591204795939,DOWN
50.150001525878906,-1.4541125420411305,-3.927201546165471,-17.0388736262436,True,1.4541125420411305,DOWN
50.36000061035156,0.41874193037518825,-5.052790835060517,-15.51753045678328,True,0.41874193037518825,UP
49.189998626708984,-2.3232763492105346,-4.318228413328573,-17.57708047055262,True,2.3232763492105346,DOWN
48.45000076293945,-1.504366506259125,-4.83205478657589,-20.58678561569597,True,1.504366506259125,DOWN
48.13999938964844,-0.6398377056954452,-5.4038122086505265,-20.12610083953087,True,0.6398377056954452,DOWN
47.38999938964844,-1.5579559815309674,-5.503493623636735,-20.619767530945854,True,1.5579559815309674,DOWN
47.97999954223633,1.244988732193919,-4.725975058121867,-19.537147940968723,True,1.244988732193919,UP
48.790000915527344,1.6882062964131084,-0.8131687789160735,-16.355221354456194,True,1.6882062964131084,UP
48.52000045776367,-0.5533930163910794,0.14447821201637456,-18.412645936061388,True,0.5533930163910794,DOWN
47.119998931884766,-2.8854111967653417,-2.118821085782985,-17.275281444430856,True,2.8854111967653417,DOWN
45.16999816894531,-4.138371831795484,-4.684535238014897,-20.656950769700433,True,4.138371831795484,DOWN
43.869998931884766,-1.7689227904758353,-6.897283687756661,-16.88139456893486,True,1.7689227904758353,DOWN
43.08000183105469,-4.181488638124198,-5.815478246176731,-17.471262066263627,True,4.181488638124198,DOWN
43.29999923706055,0.5106717656805371,-4.097457865550636,-18.36350209340859,True,0.5106717656805371,UP
42.22999954223633,-2.471130978469871,-5.441111315446168,-17.856448808446913,True,2.471130978469871,DOWN
42.5,0.6393569990301051,-3.1228606456360053,-16.51934761857913,True,0.6393569990301051,UP
41.869998931884766,-1.482355454388784,-6.872776280049009,-17.724504943889695,True,1.482355454388784,DOWN
42.619998931884766,1.791258703445675,-1.0677875571451945,-15.014959850217425,True,1.791258703445675,UP
40.79999923706055,-4.2702950268322155,-5.773672157158483,-18.983322592188266,True,4.2702950268322155,DOWN
41.13999938964844,0.8333337229061932,-2.5811038702421185,-16.36511376662164,True,0.8333337229061932,UP
40.45000076293945,-1.6771964923329552,-4.823527616613054,-16.511867645045296,True,1.6771964923329552,DOWN
38.2400016784668,-5.463532862272458,-8.669685564891816,-20.565014201704457,True,5.463532862272458,DOWN
39.310001373291016,2.7981162339402843,-7.766301364492723,-17.050006584558773,True,2.7981162339402843,UP
38.599998474121094,-1.8061635064005155,-5.392158833525396,-19.549814834529357,True,1.8061635064005155,DOWN
42.560001373291016,10.259075273862672,3.4516334582150643,-12.769008865203036,True,10.259075273862672,UP
45.220001220703125,6.249999439805998,11.792337126811558,-6.8013174071034355,True,6.249999439805998,UP
49.20000076293945,8.801414053067646,28.661084213927502,4.414265446103838,True,8.801414053067646,UP
45.40999984741211,-7.70325377389468,15.517675555884637,0.5313298388216481,True,7.70325377389468,DOWN
46.25,1.8498131587986855,19.818657586237354,1.1149941032321697,True,1.8498131587986855,UP
47.150001525878906,5.741200638104149,6.795016752698246,12.610467467610388,True,5.741200638104149,UP
44.47999954223633,-2.9456736523706395,-5.662782390743104,16.31798532917774,True,2.9456736523706395,DOWN
45.70000076293945,1.7590757475205443,2.282901635624013,18.39378904011737,True,1.7590757475205443,UP
49.43000030517578,3.3884101345995177,10.482785987391384,11.959226719849504,True,3.3884101345995177,UP
47.099998474121094,-5.097728268274282,1.8158240014394478,5.534387960771281,True,5.097728268274282,DOWN
45.939998626708984,6.34258753560053,1.637163387785323,1.569752579390693,True,6.34258753560053,UP
47.900001525878906,3.814482356983584,10.879631203551977,3.5451864761143037,True,3.814482356983584,UP
37.650001525878906,-5.804352324168893,-9.603841184770745,-16.703537853147488,True,5.804352324168893,DOWN
37.5099983215332,-0.371854445343045,-10.370371113087684,-15.308201521434572,True,0.371854445343045,DOWN
37.15999984741211,-0.9330804846242047,-6.96043784397582,-15.295188620567346,True,0.9330804846242047,DOWN
36.7599983215332,-1.076430375461268,-10.516074286675792,-16.851393162674878,True,1.076430375461268,DOWN
35.619998931884766,-3.101195434442261,-10.883167765742286,-17.027722621305685,True,3.101195434442261,DOWN
33.970001220703125,-5.560188857733117,-10.298383472881556,-15.011257985381798,True,5.560188857733117,DOWN
33.15999984741211,-0.3306300235589421,-10.4751646118041,-11.596903942338777,True,0.3306300235589421,DOWN
31.40999984741211,-5.277442726335158,-14.553859408059822,-15.473627620050811,True,5.277442726335158,DOWN
30.440000534057617,-3.088186303937246,-15.373924100571411,-17.192595419063082,True,3.088186303937246,DOWN
30.479999542236328,0.13140278408982908,-10.27377554623049,-14.430094171191666,True,0.13140278408982908,UP
29.420000076293945,-5.705130266406466,-11.278648336332974,-21.231589616587677,True,5.705130266406466,DOWN
28.459999084472656,-3.2630896986123314,-9.391915877970003,-19.876129736219916,True,3.2630896986123314,DOWN
26.549999237060547,-6.711173256692671,-12.77924188156556,-24.03433860518299,True,6.711173256692671,DOWN
29.530000686645508,11.22411124375946,-3.116794192448724,-14.972643029456211,True,11.22411124375946,UP
32.189998626708984,9.00778150427346,3.1730699985927258,-7.340250226120181,True,9.00778150427346,UP
30.34000015258789,-5.7471219417390635,3.127124656383873,-16.048697661909305,True,5.7471219417390635,DOWN
31.450000762939453,3.658538578671977,10.505979531454358,-16.133331298828125,True,3.658538578671977,UP
32.29999923706055,2.7026977853772616,21.657251093151466,-15.22309572006969,True,2.7026977853772616,UP
33.220001220703125,2.848303422208698,12.495768534561403,-9.752784620086318,True,2.848303422208698,UP
31.6200008392334,-5.948834491944599,4.218855241292174,-13.606551482260098,True,5.948834491944599,DOWN
29.8799991607666,-5.50285146200199,-4.9920558476517884,-19.330457823393942,True,5.50285146200199,DOWN
32.279998779296875,8.032127462980498,-0.06192092333154875,-12.18715926766526,True,8.032127462980498,UP
27.940000534057617,-5.894240378987403,-6.492632801865216,-15.741855661564108,True,5.894240378987403,DOWN
27.450000762939453,-1.7537572002580215,-14.962819699532314,-12.607447003215832,True,1.7537572002580215,DOWN
26.209999084472656,-4.517310178515322,-17.370745107683728,-13.896193743006835,True,4.517310178515322,DOWN
29.440000534057617,12.323546594469281,-4.6940721406318,-3.41207028805095,True,12.323546594469281,UP
30.65999984741211,5.578508542741023,9.735144099367265,4.214819061531316,True,5.578508542741023,UP
30.770000457763672,0.3587756389400232,12.094716220578716,8.116660040763367,True,0.3587756389400232,UP
29.639999389648438,-3.672411606448711,13.086609786292524,11.638418988256038,True,3.672411606448711,DOWN
31.479999542236328,6.207827903095353,6.92934433142669,6.603450085501272,True,6.207827903095353,UP
32.779998779296875,-0.8769305056048449,10.593790331672736,1.4860667293316254,True,0.8769305056048449,DOWN
34.56999969482422,-0.25966576163909405,4.535833123200073,15.696120032746652,True,0.25966576163909405,DOWN
37.900001525878906,5.512259069783054,12.296300817418992,19.482983437274413,True,5.512259069783054,UP
36.5,-3.693935275762339,6.104646456312746,18.1612195571345,True,3.693935275762339,DOWN
38.290000915527344,4.904112097335189,10.473171044708662,28.965982575866246,True,4.904112097335189,UP
37.84000015258789,-1.175243541864135,9.459069964218859,35.433068823540694,True,1.175243541864135,DOWN
38.5,1.7441856362333308,7.182633526093074,40.255005209250385,True,1.7441856362333308,UP
37.18000030517578,-3.428570635907058,-1.89973929212508,41.85426022087113,True,3.428570635907058,DOWN
36.34000015258789,-2.259279574214945,-0.4383557463345511,23.437498279077886,True,2.259279574214945,DOWN
38.459999084472656,5.833789001054246,0.4439753587897499,32.43800920098645,True,5.833789001054246,UP
40.20000076293945,4.524185439123629,6.236788057174891,31.115463023502187,True,4.524185439123629,UP
39.439998626708984,-1.8905525418077107,2.4415548745687854,28.176789210146925,True,1.8905525418077107,DOWN
39.90999984741211,1.191686706563,7.34265605117892,34.649125064929656,True,1.191686706563,UP
41.45000076293945,3.8586843433105145,14.061641686558058,31.670906498351425,True,3.8586843433105145,UP
39.790000915527344,-4.004824648631411,3.458143168785588,24.850956597855102,True,4.004824648631411,DOWN
39.459999084472656,-0.8293586917860862,-1.8408001602552404,22.73716084495243,True,0.8293586917860862,DOWN
39.38999938964844,-0.1773940609435143,-0.12677291785372358,19.110975969598698,True,0.1773940609435143,DOWN
38.279998779296875,-2.8179756982765203,-4.084192118133845,16.778524114752802,True,2.8179756982765203,DOWN
37.75,5.182503878470479,-1.4874731194249091,-0.3957823742473554,True,5.182503878470479,UP
39.720001220703125,6.602262506673928,7.9641213162872315,3.7346572760093233,True,6.602262506673928,UP
40.36000061035156,1.6112773665144076,13.05322058213989,6.659620633197405,True,1.6112773665144076,UP
42.16999816894531,4.484632138805078,17.497907177753213,9.53246277648132,True,4.484632138805078,UP
41.7599983215332,-0.972254838071207,10.62251211002172,12.31844534363773,True,0.972254838071207,DOWN
41.5,-0.6226013696919552,11.379500454825365,14.19922901966375,True,0.6226013696919552,DOWN
45.33000183105469,2.929157331312693,6.33356954090929,18.416936459179546,True,2.929157331312693,UP
46.029998779296875,1.5442243987791704,6.6002743260274555,20.120039524723765,True,1.5442243987791704,UP
45.91999816894531,-0.23897591411851105,5.008000570852489,19.770469447548457,True,0.23897591411851105,DOWN
44.779998779296875,-2.4825771670422103,5.018760366511543,21.717851766612295,True,2.4825771670422103,DOWN
43.650001525878906,-2.523441903130197,-0.8855571787940941,22.268909224204926,True,2.523441903130197,DOWN
43.779998779296875,0.29781729409767976,-3.419375665447111,21.983838182856342,True,0.29781729409767976,UP
44.31999969482422,1.2334420524988898,-3.7149666083453603,17.40397270152112,True,1.2334420524988898,UP
44.65999984741211,0.7671483640095733,-2.743898893239316,19.860445140176818,True,0.7671483640095733,UP
47.720001220703125,3.267695663594705,9.852676632827029,18.235878342538637,True,3.267695663594705,UP
48.310001373291016,1.2363791649106615,8.172865065718105,21.442943327674268,True,1.2363791649106615,UP
48.189998626708984,-0.24840145553872706,4.239669270777258,17.30768373598135,True,0.24840145553872706,DOWN
51.22999954223633,1.727559414893931,4.529690464665315,17.932783521631322,True,1.727559414893931,UP
41.599998474121094,1.1181309948886442,-5.861055064669007,-16.599844460081535,True,1.1181309948886442,UP
40.060001373291016,-3.701916243550085,-7.118014418723906,-17.111525231620707,True,3.701916243550085,DOWN
39.5099983215332,-1.3729481600180726,-7.945013962930247,-19.350894125607798,True,1.3729481600180726,DOWN
46.790000915527344,0.45083528599745293,12.179338150467167,4.792831615936466,True,0.45083528599745293,UP
48.220001220703125,3.056209184003733,10.87606199053861,7.298626377893913,True,3.056209184003733,UP
47.63999938964844,0.654970518911635,-1.8136872625985845,15.799708547481206,True,0.654970518911635,UP
46.349998474121094,-1.3409984552018694,-3.638253753670162,15.701440052929637,True,1.3409984552018694,DOWN
47.04999923706055,5.327963209476505,3.771502158618878,0.14899892615214405,True,5.327963209476505,UP
50.349998474121094,-0.17843012497671396,-0.17843012497671396,15.534640565898684,True,0.17843012497671396,DOWN
50.290000915527344,0.7008456116199602,-0.9844457392934269,16.87195524561225,True,0.7008456116199602,UP
51.599998474121094,2.6048867264770292,2.8298090081893656,19.168589799781245,True,2.6048867264770292,UP
50.43000030517578,-2.267438378960618,-0.019822208178865708,16.091164593566564,True,2.267438378960618,DOWN
44.65999984741211,-1.499780112234883,-10.176993662631006,-8.276851289714793,True,1.499780112234883,DOWN
45.810001373291016,5.7479263527425495,2.0494586681922167,-9.01687634243633,True,5.7479263527425495,UP
49.439998626708984,9.307979498300245,2.9356649661625323,1.5195027765434244,True,9.307979498300245,UP
51.68000030517578,1.2142556114561387,12.201473652459892,10.73495250223553,True,1.2142556114561387,UP
51.790000915527344,0.2128494769775502,10.004245754650487,14.225850774663718,True,0.2128494769775502,UP
50.93000030517578,-1.6605533793179084,12.602256954738023,14.039409939959935,True,1.6605533793179084,DOWN
52.83000183105469,2.5825278272906482,2.0081114059519845,16.69980405753342,True,2.5825278272906482,UP
52.97999954223633,0.28392524320048906,4.025131012717109,18.62964559617286,True,0.28392524320048906,UP
51.040000915527344,-3.6617565939433327,2.55173889106437,17.820870902788787,True,3.6617565939433327,DOWN
53.900001525878906,1.6597530375659808,3.4152007491796255,17.02127641953155,True,1.6597530375659808,UP
53.77000045776367,-0.5364426714029369,2.4385573220927714,18.88127570629883,True,0.5364426714029369,DOWN
50.279998779296875,-5.382010995861409,-6.594841038459343,-5.149971002974684,True,5.382010995861409,DOWN
47.720001220703125,-1.4049592639210795,-10.199469761381131,-11.399924470978128,True,1.4049592639210795,DOWN
45.720001220703125,-5.125539482038666,-5.380791578108379,-1.529181735528673,True,5.125539482038666,DOWN
42.529998779296875,-1.6192476760392815,-4.918401040585973,-16.164007169194573,True,1.6192476760392815,DOWN
42.7400016784668,0.49377593509865036,-3.8686402191280167,-16.96133540934287,True,0.49377593509865036,UP
43.0099983215332,0.6317188405784213,-3.8667932320758935,-16.25779242521158,True,0.6317188405784213,UP
57.349998474121094,3.0733269288834464,5.909504816380973,16.35219600098381,True,3.0733269288834464,UP
57.20000076293945,-0.26154789044907645,5.185729384763982,15.369097721799484,True,0.26154789044907645,DOWN
73.44999694824219,0.9483160964176784,12.068959295422976,7.682155012610714,True,0.9483160964176784,UP
70.37999725341797,-5.033063454613695,-5.071489300221721,6.47503612420286,True,5.033063454613695,DOWN
63.689998626708984,-2.480476178905633,-5.406212840271785,-16.64704152043911,True,2.480476178905633,DOWN
63.13999938964844,-0.8635566791014182,-6.583810015310709,-15.054489661980774,True,0.8635566791014182,DOWN
63.099998474121094,-0.06335273347167769,-5.877091866944905,-15.119718075692957,True,0.06335273347167769,DOWN
62.209999084472656,-1.4104586547865727,-5.998792992439195,-16.2606026143282,True,1.4104586547865727,DOWN
61.66999816894531,-0.8680291327349154,-5.5734183520413705,-17.72945714760589,True,0.8680291327349154,DOWN
60.66999816894531,-1.621534019281945,-4.741718516064164,-17.08350459588398,True,1.621534019281945,DOWN
60.189998626708984,-0.7911645899505215,-4.6721583646753935,-15.189520090989427,True,0.7911645899505215,DOWN
59.93000030517578,-0.431962664006158,-5.023769010462664,-15.99382761203575,True,0.431962664006158,DOWN
55.689998626708984,-7.074923505549546,-10.480631013851017,-22.415715277538627,True,7.074923505549546,DOWN
56.25,1.0055690197529277,-8.78871141539067,-21.788095895296532,True,1.0055690197529277,UP
56.459999084472656,0.37333170572917407,-6.939177866380087,-19.053764753444224,True,0.37333170572917407,UP
56.459999084472656,0.0,-6.197042078982806,-17.75674023373619,True,0.0,DOWN
56.7599983215332,0.5313482853793516,-5.289507704822761,-17.88195013585995,True,0.5313482853793516,UP
53.43000030517578,-5.866804289693062,-4.058176292447069,-22.75552736798566,True,5.866804289693062,DOWN
54.630001068115234,2.2459306683238145,-2.879998101128467,-17.763057628860444,True,2.2459306683238145,UP
50.41999816894531,-7.706393587510085,-10.6978409732005,-24.543552231038433,True,7.706393587510085,DOWN
51.630001068115234,2.399847169996905,-8.55472563704972,-23.317986537909352,True,2.399847169996905,UP
51.560001373291016,-0.13557949520836,-9.161376148718892,-23.716519948401405,True,0.13557949520836,DOWN
50.290000915527344,-2.4631505506932605,-5.876847036709199,-24.985083191012425,True,2.4631505506932605,DOWN
51.45000076293945,2.306621249342533,-5.8209779297108355,-22.25747880675717,True,2.306621249342533,UP
50.93000030517578,-1.0106908650198476,1.011507645283083,-22.018064294852802,True,1.0106908650198476,DOWN
52.95000076293945,3.9662290313365434,2.5566524646837507,-16.86292682579148,True,3.9662290313365434,UP
53.25,0.5665707889290994,3.2777319272617955,-15.663603872745469,True,0.5665707889290994,UP
51.4900016784668,-3.3051611671985004,2.386161744071358,-18.399361452307883,True,3.3051611671985004,DOWN
52.61000061035156,2.175177501214076,2.25461580215891,-15.43160041054753,True,2.175177501214076,UP
51.0,-3.0602558290690807,0.1374429499406471,-17.301765016620873,True,3.0602558290690807,DOWN
51.150001525878906,-0.9680541824369171,-3.943659106330688,-15.019101689792414,True,0.9680541824369171,DOWN
46.2400016784668,-7.297512653774241,-10.47434595854071,-18.101306361544932,True,7.297512653774241,DOWN
47.20000076293945,2.0761225121661564,-7.722386402942694,-16.40098914574698,True,2.0761225121661564,UP
45.880001068115234,-2.7966094777283512,-12.742488645145523,-19.16842419864976,True,2.7966094777283512,DOWN
45.59000015258789,-0.6320856773669115,-10.957032278820389,-14.67340465620104,True,0.6320856773669115,DOWN
42.529998779296875,-6.712001235028109,-14.735369148812428,-22.14900613626478,True,6.712001235028109,DOWN
46.220001220703125,8.676234534016736,-0.04325358355898867,-8.33002201659946,True,8.676234534016736,UP
52.36000061035156,5.18280814447849,12.505370821517259,-0.47519482436730875,True,5.18280814447849,UP
52.59000015258789,0.4392657363545993,11.679762119724145,3.117647358015474,True,0.4392657363545993,UP
53.79999923706055,3.3224496876812726,4.28377413827512,16.34947509553035,True,3.3224496876812726,UP
53.130001068115234,0.9692173063147624,1.5675772764228935,16.53871658322279,True,0.9692173063147624,UP
53.689998626708984,1.0540138289773626,3.111194433223319,26.24030135840181,True,1.0540138289773626,UP
53.310001373291016,2.5389491290802146,1.4076501479220127,19.502355175759977,True,2.5389491290802146,UP
54.22999954223633,1.7257515386338795,3.059674350118602,19.63379076037104,True,1.7257515386338795,UP
53.790000915527344,-0.8113565008723622,1.2422357126738115,18.454087417471786,True,0.8113565008723622,DOWN
55.2599983215332,2.7328451031528367,2.924193956010268,18.73656474960783,True,2.7328451031528367,UP
54.560001373291016,-1.266733567687095,4.943257572327919,15.863243143974803,True,1.266733567687095,DOWN
57.90999984741211,-5.714748333072894,-7.889294049211715,-12.111093665437211,True,5.714748333072894,DOWN
53.5,-5.460328934893255,-7.615264823056611,-15.880501126475332,True,5.460328934893255,DOWN
51.68000030517578,-3.3657428056613536,-12.123790004455559,-16.979919188472635,True,3.3657428056613536,DOWN
51.13999938964844,-3.9985001873691584,-1.0448934062279092,-16.218875126786813,True,3.9985001873691584,DOWN
52.279998779296875,2.2291736473489143,-0.5894682874910795,-15.377145010859971,True,2.2291736473489143,UP
52.5099983215332,0.439937925796996,-2.741254511803204,-15.333766633405443,True,0.439937925796996,UP
51.93000030517578,-1.1045477716566166,-2.497179981734432,-17.400984273217034,True,1.1045477716566166,DOWN
56.650001525878906,5.3757501759224,8.358842480142847,-10.065089670818706,True,5.3757501759224,UP
57.900001525878906,0.8183897234992132,11.496247228229084,-0.017265276393629847,True,0.8183897234992132,UP
59.380001068115234,2.6802683520376513,10.453874482974035,0.4058195484337501,True,2.6802683520376513,UP
60.209999084472656,0.01660850731974861,4.69483714439356,17.735627303625144,True,0.01660850731974861,UP
53.95000076293945,-7.903722982918648,-3.695108314725737,-4.0888875325520875,True,7.903722982918648,DOWN
51.09000015258789,-4.736156749841003,-12.785936231391792,-11.654852957046625,True,4.736156749841003,DOWN
62.900001525878906,14.676396127077208,8.729478279963843,15.47640924592395,True,14.676396127077208,UP
59.34000015258789,-5.6597794704763675,3.3797884584277016,8.146530540764463,True,5.6597794704763675,DOWN
52.810001373291016,-1.4554931462511078,0.34201083321814263,-16.04133530654458,True,1.4554931462511078,DOWN
55.16999816894531,-5.059374308253794,-5.821105420829209,0.19977623122191535,True,5.059374308253794,DOWN
52.13999938964844,-2.2313939631505852,-6.2061535410498525,-15.466927477830783,True,2.2313939631505852,DOWN
51.560001373291016,-1.1123859285517623,-4.853289020239437,-15.558466731636056,True,1.1123859285517623,DOWN
50.11000061035156,-2.812258968810999,-5.701917226380537,-18.094147825441752,True,2.812258968810999,DOWN
49.61000061035156,-0.9978048172218812,-7.236348102113199,-21.316413623061557,True,0.9978048172218812,DOWN
50.75,2.29792254711354,-4.837805629986535,-19.788209842232398,True,2.29792254711354,UP
50.95000076293945,0.3940901732797153,-2.282314232142546,-18.740031669896183,True,0.3940901732797153,UP
50.31999969482422,-1.2365084566858142,-2.4049682805267314,-15.584634827052978,True,1.2365084566858142,DOWN
49.56999969482422,-1.4904610583237776,-1.077631029634818,-16.77300444614612,True,1.4904610583237776,DOWN
49.939998626708984,0.746417054998294,0.6651844634095072,-15.413282770503967,True,0.746417054998294,UP
47.09000015258789,-3.365482054287694,-12.439566341686792,-11.948390883215843,True,3.365482054287694,DOWN
44.7599983215332,-4.9479758409528,-16.148374998311688,-16.06976038866563,True,4.9479758409528,DOWN
41.279998779296875,-10.065365126354575,-7.774798196456068,-18.66010092749384,True,10.065365126354575,DOWN
31.1299991607666,-24.588178097574932,-33.41176650103401,-38.900885780927666,True,24.588178097574932,DOWN
34.36000061035156,10.3758481743095,-27.172529910767786,-31.717009501719573,True,10.3758481743095,UP
32.97999954223633,-4.016301058212102,-29.499785372307286,-33.467823794076224,True,4.016301058212102,DOWN
31.5,-4.487566897449302,-31.372551301027805,-36.92430743649816,True,4.487566897449302,DOWN
31.729999542236328,0.7301572769407239,-23.134688758397324,-37.991009033310796,True,0.7301572769407239,UP
28.700000762939453,-9.549318698424791,-7.805970007508689,-44.1851384968104,True,9.549318698424791,DOWN
26.950000762939453,-6.097560813516734,-21.56577332882734,-48.22286040736277,True,6.097560813516734,DOWN
20.3700008392334,-24.41558344129846,-38.235290715676776,-60.8645511281207,True,24.41558344129846,DOWN
25.219999313354492,23.809515337769717,-19.93651011633495,-52.67404976529841,True,23.809515337769717,UP
22.43000030517578,-11.062645060031196,-29.3097994681064,-58.2930442277912,True,11.062645060031196,DOWN
23.360000610351562,4.146234028187612,-18.606271814053322,-56.2382912271898,True,4.146234028187612,UP
24.010000228881836,2.782532540869198,-10.90909258192151,-53.31518552126951,True,2.782532540869198,UP
24.489999771118164,1.9991650881324485,20.22581621081474,-50.92184564680369,True,1.9991650881324485,UP
22.600000381469727,-7.717433267914419,-10.38857653932379,-53.62199755023318,True,7.717433267914419,DOWN
21.510000228881836,-4.823009443316684,-4.101649860796719,-54.32151166026333,True,4.823009443316684,DOWN
20.09000015258789,-6.601580944603091,-13.998289265089447,-55.116173132377064,True,6.601580944603091,DOWN
20.479999542236328,1.9412612577715649,-14.702210133256221,-56.19251434815759,True,1.9412612577715649,UP
20.309999465942383,-0.8300785160827329,-17.068192504049705,-56.95209975716274,True,0.8300785160827329,DOWN
25.31999969482422,24.667653178834637,12.03539498868631,-45.874304498635574,True,24.667653178834637,UP
28.34000015258789,11.927332125446299,31.752672482705503,-38.257082330140015,True,11.927332125446299,UP
26.079999923706055,-7.974594977817818,29.81582740479254,-36.82170374291306,True,7.974594977817818,DOWN
23.6299991607666,-9.39417473200399,15.380857856143804,-24.092515908102918,True,9.39417473200399,DOWN
25.09000015258789,6.17859095926403,23.535208332531177,-26.9790462546468,True,6.17859095926403,UP
22.760000228881836,-9.286567993367377,-10.110582530795542,-30.988476213488415,True,9.286567993367377,DOWN
22.40999984741211,-1.5377872493409939,-20.924489319857255,-28.857143341548863,True,1.5377872493409939,DOWN
20.110000610351562,-10.263271988938227,-22.89110172860053,-36.62149101646596,True,10.263271988938227,DOWN
19.8700008392334,-1.1934349270711797,-15.911969763316836,-30.76654943894046,True,1.1934349270711797,DOWN
19.8700008392334,0.0,-20.80509877085863,-26.27087095834959,True,0.0,DOWN
18.270000457763672,-8.052341791101082,-19.72759106311639,-10.309279798482118,True,8.052341791101082,DOWN
-37.630001068115234,-305.9660652724544,-267.9161147895354,-249.2069868859568,True,305.9660652724544,DOWN
10.010000228881836,-126.60111598392577,-50.22376964161195,-55.37226886897544,True,126.60111598392577,DOWN
13.779999732971191,37.66233184702416,-30.649224202534885,-41.01027665699275,True,37.66233184702416,UP
16.5,19.738754134520818,-16.960245077490477,-31.278634557645656,True,19.738754134520818,UP
16.940000534057617,2.6666699033794927,-7.27969288660244,-30.828906931900026,True,2.6666699033794927,UP
12.779999732971191,-24.557264875658102,-133.96226247731886,-43.45132956966755,True,24.557264875658102,DOWN
12.34000015258789,-3.4428762877681707,23.27672198231634,-42.63133416419602,True,3.4428762877681707,DOWN
15.0600004196167,22.0421412754876,9.288829546076617,-25.037330486646383,True,22.0421412754876,UP
18.84000015258789,25.099599121175853,14.181819106593284,-8.007809698756251,True,25.099599121175853,UP
19.780000686645508,4.98938708303831,16.765053500902273,-2.6095460031184348,True,4.98938708303831,UP
20.389999389648438,3.0839164905326344,59.546164441961345,-19.470775531579278,True,3.0839164905326344,UP
24.559999465942383,20.4512025557537,99.02754588533588,-13.338040459750433,True,20.4512025557537,UP
23.989999771118164,-2.320845713431885,59.296142780112525,-8.01380428950129,True,2.320845713431885,DOWN
23.549999237060547,-1.8340997843082074,24.999994938034465,-0.3385523764168452,True,1.8340997843082074,DOWN
24.739999771118164,5.053080987726388,25.075828676898904,-1.3949795908376084,True,5.053080987726388,UP
24.139999389648438,-2.42522387639702,18.39136886832764,6.063265144503016,True,2.42522387639702,DOWN
25.780000686645508,6.793708941435694,4.967431788404197,15.03793334305874,True,6.793708941435694,UP
25.290000915527344,-1.90069727721921,5.418929373956338,25.75832992520841,True,1.90069727721921,DOWN
27.559999465942383,8.975873737597716,17.027602372790373,38.70155159493023,True,8.975873737597716,UP
29.43000030517578,6.785199112736828,18.957156739883207,48.11272804310167,True,6.785199112736828,UP
31.81999969482422,8.120962843578749,31.81441797578948,74.16529226906832,True,8.120962843578749,UP
32.5,2.1370217212365095,26.066715028582486,-186.3672577132558,True,2.1370217212365095,UP
33.4900016784668,3.046159010667071,32.423884800671885,234.56544368338928,True,3.046159010667071,UP
33.91999816894531,1.2839548191333483,23.076918818022406,146.1538376360448,True,1.2839548191333483,UP
33.25,-1.9752305575261309,12.979951257942757,101.51515151515152,True,1.9752305575261309,DOWN
34.349998474121094,3.3082660875822345,7.950970470022978,102.77448282873979,True,3.3082660875822345,UP
32.810001373291016,-4.483252312195285,0.9538503793569797,156.7292805855411,True,4.483252312195285,DOWN
33.709999084472656,2.7430590475814087,0.6569047326961286,173.17665046708402,True,2.7430590475814087,UP
35.4900016784668,5.280340084061397,4.628548332171989,135.65737509700594,True,5.280340084061397,UP
35.439998626708984,-0.14089334852905866,6.586462035215002,88.1103945842638,True,0.14089334852905866,DOWN
36.810001373291016,3.8656963873286987,7.1615808106171075,86.09706822782537,True,3.8656963873286987,UP
37.290000915527344,1.3039921877987526,13.654371699853908,82.88377651673042,True,1.3039921877987526,UP
37.40999984741211,0.3217992194652908,10.975974083142969,52.32084959647072,True,0.3217992194652908,UP
39.54999923706055,5.720394007957941,11.43983478889805,64.86035687534788,True,5.720394007957941,UP
38.189998626708984,-3.4386868181710772,7.7595939801405445,62.16560451776798,True,3.4386868181710772,DOWN
38.939998626708984,1.9638649567153221,5.786463390255325,57.396923957000624,True,1.9638649567153221,UP
39.599998474121094,1.694914922157742,6.194683566317316,64.0430798482212,True,1.694914922157742,UP
36.34000015258789,-8.232319310980873,-2.8601970039789704,40.96198287307513,True,8.232319310980873,DOWN
36.2599983215332,-0.22014813076161044,-8.318586546126728,43.37681695879494,True,0.22014813076161044,DOWN
37.119998931884766,2.371761307669029,-2.8017798724818244,34.68795229026138,True,2.371761307669029,UP
38.380001068115234,3.394402404328112,-1.43810369374191,30.411147367081192,True,3.394402404328112,UP
37.959999084472656,-1.094325096284332,-4.141412759700458,19.296038493196967,True,1.094325096284332,DOWN
38.84000015258789,2.3182325851930585,6.879471627690581,19.50769277719351,True,2.3182325851930585,UP
39.75,2.3429450150284747,9.62493612801476,18.692140960859426,True,2.3429450150284747,UP
40.459999084472656,1.7861612187991316,8.99784549756264,19.280664117237166,True,1.7861612187991316,UP
40.369998931884766,-0.22244230010975974,5.184986473131592,21.41353062220983,True,0.22244230010975974,DOWN
38.0099983215332,-5.845926858540496,0.13171559079672157,10.655021863158186,True,5.845926858540496,DOWN
38.720001220703125,1.8679372021116247,-0.3089570839684197,18.012799756305853,True,1.8679372021116247,UP
36.7599983215332,-7.568524268505195,-13.729176730866266,-10.819997008951676,True,7.568524268505195,DOWN
38.04999923706055,3.509251834681648,-11.014965550409716,-9.275153831719818,True,3.509251834681648,UP
37.29999923706055,-1.971090709693113,-10.142132629980694,-10.358090146768205,True,1.971090709693113,DOWN
41.11000061035156,0.3417119489312892,10.125900331867399,-4.239458844366217,True,0.3417119489312892,UP
39.220001220703125,5.856955542044817,-3.3990081410904316,-5.196997260554892,True,5.856955542044817,UP
37.38999938964844,-5.509224973435945,-6.595052386096545,-4.835839861556302,True,5.509224973435945,DOWN
36.16999816894531,-3.2629078379736165,-10.999018916918823,-10.069624387960197,True,3.2629078379736165,DOWN
35.790000915527344,-1.0505868749095648,-10.188200035265604,-7.567149309926013,True,1.0505868749095648,DOWN
40.290000915527344,8.481425895652727,9.45395113394747,-0.7635408134099908,True,8.481425895652727,UP
44.90999984741211,4.29632702071534,8.39970918803392,16.467837780004558,True,4.29632702071534,UP
45.709999084472656,1.7813387659288749,9.301768096688612,15.516804238064097,True,1.7813387659288749,UP
45.529998779296875,-0.39378759304531386,9.080011855354808,21.770525601832524,True,0.39378759304531386,DOWN
45.34000015258789,-0.41730426488695294,7.568205246090964,25.352508841196798,True,0.41730426488695294,DOWN
44.54999923706055,-1.7423928382634846,3.460282898861533,24.476105329555086,True,1.7423928382634846,DOWN
45.279998779296875,1.6386073058090034,0.8238675865996248,23.01004371097799,True,1.6386073058090034,UP
45.63999938964844,0.7950543729170034,-0.15313869224731214,21.18958994840434,True,0.7950543729170034,UP
46.2599983215332,1.3584551712886084,1.6033374957353796,18.160910647613782,True,1.3584551712886084,UP
45.7599983215332,-1.080847423566067,0.9263303209789298,17.9685414836271,True,1.080847423566067,DOWN
45.599998474121094,-0.34965002902287434,2.356900684718899,22.778673191983433,True,0.34965002902287434,DOWN
47.619998931884766,1.3407048966049828,4.429825713503166,18.664335072048168,True,1.3407048966049828,UP
47.81999969482422,0.41999321172923043,5.052722350463568,15.67488998141835,True,0.41999321172923043,UP
48.36000061035156,1.1292365515966019,3.3775157594786887,16.727010026862168,True,1.1292365515966019,UP
49.099998474121094,1.530185803205164,5.432679398488505,17.40793599335648,True,1.530185803205164,UP
55.689998626708984,1.698320550915855,5.373699592401215,16.946660806035464,True,1.698320550915855,UP
61.13999938964844,1.8151543154644845,4.763534527454705,16.76852306522141,True,1.8151543154644845,UP
61.4900016784668,3.7981092779372005,3.396671290231046,15.734990480488854,True,3.7981092779372005,UP
61.66999816894531,0.29272480983124627,2.697750129004106,17.983542431336353,True,0.29272480983124627,UP
63.220001220703125,2.5133826784161206,3.40203116097324,19.802919598804024,True,2.5133826784161206,UP
63.529998779296875,0.4903472834673517,4.973559647663661,20.756506447933187,True,0.4903472834673517,UP
61.5,-3.195338923819424,3.814986930283437,16.367079991713762,True,3.195338923819424,DOWN
60.63999938964844,-1.3983749761814046,-1.3823422761688131,15.857850998974765,True,1.3983749761814046,DOWN
63.83000183105469,4.161232216961652,0.472222662556665,16.56319172302623,True,4.161232216961652,UP
66.08999633789062,3.5406461569869485,7.463408679496952,18.674803317724976,True,3.5406461569869485,UP
65.05000305175781,-1.573601670085989,7.272433552930058,15.68558346314135,True,1.573601670085989,DOWN
60.0,-7.1207408402089385,-9.118444333787535,-1.864572131221598,True,7.1207408402089385,DOWN
57.7599983215332,-6.157597014632133,-10.864204318943527,-6.066032289993906,True,6.157597014632133,DOWN
61.18000030517578,5.921056237925115,-5.294114937658046,-0.7945482054777742,True,5.921056237925115,UP
73.66000366210938,2.819659812494102,3.922131089751635,18.710724525060975,True,2.819659812494102,UP
66.41999816894531,-7.505917801000395,-10.3643730949036,-6.503382160813331,True,7.505917801000395,DOWN
67.41999816894531,1.5055706527669743,-10.405318047913203,-5.890565684891524,True,1.5055706527669743,UP
65.63999938964844,5.327342283507663,-2.4520753506159676,-8.921881965315947,True,5.327342283507663,UP
68.73999786376953,1.957875601711656,10.301665918458758,-6.628639908654533,True,1.957875601711656,UP
79.3499984741211,1.3409902700376897,4.57301179006937,16.45142234353414,True,1.3409902700376897,UP
80.5199966430664,1.4744778720152008,3.736142481149396,15.490526725860487,True,1.4744778720152008,UP
82.95999908447266,0.6307576754816191,2.876983770317376,18.02532081934638,True,0.6307576754816191,UP
83.87000274658203,1.0969186019189614,4.2640479874105575,18.86338669007963,True,1.0969186019189614,UP
68.1500015258789,-13.06288805140844,-13.745095958390884,-17.55383679335806,True,13.06288805140844,DOWN
69.94999694824219,2.6412257990629184,-8.08147391483891,-15.529526614527711,True,2.6412257990629184,UP
66.18000030517578,-5.389559410354117,-13.771986573060868,-20.808902061926727,True,5.389559410354117,DOWN
65.56999969482422,-0.9217295369275735,-16.471337968376787,-21.986915747705147,True,0.9217295369275735,DOWN
66.5,1.4183320260853893,-15.16775032813501,-20.748424385984244,True,1.4183320260853893,UP
66.26000213623047,-0.3608990432624526,-2.773293246267561,-18.05589706148484,True,0.3608990432624526,DOWN
72.36000061035156,0.4302533594218838,10.355346876817674,-11.680702623187534,True,0.4302533594218838,UP
70.94000244140625,-1.9624076243335065,6.67669540061091,-15.698156678476282,True,1.9624076243335065,DOWN
75.9800033569336,0.5425481854771652,11.358639335626597,11.489364131681445,True,0.5425481854771652,UP
76.98999786376953,0.56165140920581,5.813627822081613,16.3342361872856,True,0.56165140920581,UP
76.98999786376953,1.1961041151597351,1.3292898949888832,16.193775100517204,True,1.1961041151597351,UP
82.63999938964844,1.7483355671057854,6.152859356984619,15.920884175004968,True,1.7483355671057854,UP
82.12000274658203,-0.6292311797034489,3.347600922171634,16.103490526035568,True,0.6292311797034489,DOWN
83.81999969482422,2.070137471242295,6.235739003543084,18.27288901702031,True,2.070137471242295,UP
85.43000030517578,1.9207833646066819,9.203626024904231,18.029847398400612,True,1.9207833646066819,UP
86.95999908447266,1.7909385155464808,7.0672220850772405,22.72085568084108,True,1.7909385155464808,UP
86.9000015258789,-0.06899443333189259,5.154891296821673,27.363325883594648,True,0.06899443333189259,DOWN
85.13999938964844,-2.025318878396498,3.6775408451774627,19.713155373493272,True,2.025318878396498,DOWN
85.5999984741211,2.7487708349970053,0.19899118382071812,16.004875202689718,True,2.7487708349970053,UP
87.3499984741211,2.0443925598071955,0.4484813635630358,15.588194821845015,True,2.0443925598071955,UP
88.19999694824219,0.056716303457582384,3.0373814491446938,17.271636779545396,True,0.056716303457582384,UP
88.26000213623047,0.06803309531120405,1.0417901293712895,16.009463738214702,True,0.06803309531120405,UP
90.2699966430664,2.2773560595811926,4.225835361877839,17.24899226883374,True,2.2773560595811926,UP
92.30999755859375,2.259888103899721,6.323425343316158,18.57418030557758,True,2.259888103899721,UP
95.45999908447266,2.5349093974556425,4.533507888177413,16.24451521154613,True,2.5349093974556425,UP
103.41000366210938,8.033851173565365,11.97618340089912,19.1085049822618,True,8.033851173565365,UP
110.5999984741211,6.952900645381388,20.086862439197816,25.467948451085796,True,6.952900645381388,UP
107.66999816894531,-2.649186569257833,16.011206767859253,22.0748320797886,True,2.649186569257833,DOWN
115.68000030517578,7.439400271616936,26.30200341794222,31.067298329114234,True,7.439400271616936,UP
119.4000015258789,3.2157686816125297,24.738821566222533,32.26986370454237,True,3.2157686816125297,UP
123.69999694824219,3.601336153610757,19.62091922211904,34.00498344691607,True,3.601336153610757,UP
108.69999694824219,-12.126111859385258,-1.7179037541519282,19.03197252682758,True,12.126111859385258,DOWN
106.0199966430664,-2.4655017299143767,-1.5324617385893191,18.6436838842019,True,2.4655017299143767,DOWN
109.33000183105469,3.122057435194936,-5.4892794410175805,21.93843114603611,True,3.122057435194936,UP
103.01000213623047,-5.780663668688469,-13.726967487597596,14.608372590168495,True,5.780663668688469,DOWN
96.44000244140625,-6.378021122779332,-22.03718284507469,3.5875445993842625,True,6.378021122779332,DOWN
95.04000091552734,-1.4516813463681721,-12.566694035160907,-0.43997294466099346,True,1.4516813463681721,DOWN
102.9800033569336,8.354379592718452,-2.867377270693039,11.849683608419404,True,8.354379592718452,UP
112.12000274658203,7.086920739842895,8.8438019817761,22.18831749821051,True,7.086920739842895,UP
111.76000213623047,-0.32108508877336517,15.885523959968939,22.71879050262271,True,0.32108508877336517,DOWN
114.93000030517578,2.8364335257270445,20.928029459224117,24.45046259246253,True,2.8364335257270445,UP
112.33999633789062,-2.2535490824048265,9.08913641079896,21.97611096536196,True,2.2535490824048265,DOWN
113.9000015258789,1.388646287023354,8.787015134474817,22.723849285709118,True,1.388646287023354,UP
105.95999908447266,-6.971029266933082,-5.494116581527786,15.689489377823218,True,6.971029266933082,DOWN
100.27999877929688,-6.993137578249586,-10.735266113344256,-9.330922095120064,True,6.993137578249586,DOWN
99.2699966430664,-1.0071820388164898,-12.844604641632474,-7.801617598895505,True,1.0071820388164898,DOWN
96.2300033569336,-5.619846782061888,-10.749393777309567,-22.206947670986942,True,5.619846782061888,DOWN
100.5999984741211,6.692117400917996,-1.3338570248758175,-2.339582188263767,True,6.692117400917996,UP
106.94999694824219,2.589925130208326,11.371444660790274,12.531561361516186,True,2.589925130208326,UP
108.20999908447266,1.1781226481383023,10.126192481094431,5.07865173533899,True,1.1781226481383023,UP
102.55999755859375,-5.221330351798925,8.770809802489389,-2.0439345291541233,True,5.221330351798925,DOWN
107.80999755859375,5.27291641771741,5.67535885713133,4.386133649146529,True,5.27291641771741,UP
103.08999633789062,-6.0854518624946285,-1.9777520844997731,7.351866758656889,True,6.0854518624946285,DOWN
105.70999908447266,5.964311167633074,-1.9478698837552266,12.111568626641844,True,5.964311167633074,UP
114.19999694824219,3.357769170243774,10.776991953649029,6.778868823632211,True,3.357769170243774,UP
112.4000015258789,-1.5761781702840816,12.670408098415509,3.872102834170965,True,1.5761781702840816,DOWN
122.11000061035156,2.2611145343251815,5.943083764673895,18.449902947052642,True,2.2611145343251815,UP
121.51000213623047,-0.4913589969061327,3.970222709508864,21.802325114526955,True,0.4913589969061327,DOWN
109.55999755859375,-6.828811148376057,-9.20692863092356,-0.027373647503725618,True,6.828811148376057,DOWN
106.19000244140625,-4.0307266362120675,-10.712181813737953,-6.217434166574409,True,4.0307266362120675,DOWN
99.5,-8.23572837779427,-9.190471591559103,-14.8626699224494,True,8.23572837779427,DOWN
98.52999877929688,-0.9748755986966118,-11.837869634976217,-17.11113274780336,True,0.9748755986966118,DOWN
95.83999633789062,-7.925833692240081,-3.6783956403109275,-21.125837665248348,True,7.925833692240081,DOWN
96.30000305175781,0.47997363464560294,-2.263265761866251,-20.195570967912037,True,0.47997363464560294,UP
95.77999877929688,-0.5399836510715961,-6.765311350656777,-20.797156588448708,True,0.5399836510715961,DOWN
97.58999633789062,1.8897448127604077,-6.870888934756991,-17.943331297844487,True,1.8897448127604077,UP
102.5999984741211,5.133725099121933,-1.4314515478824563,-11.02246063097364,True,5.133725099121933,UP
96.3499984741211,-5.779389339573926,0.5951134914270018,-12.92363565707978,True,5.779389339573926,DOWN
86.52999877929688,-3.2211215354563283,-4.386741680334949,-15.662767966685276,True,3.2211215354563283,DOWN
88.11000061035156,1.82595845758029,-4.155335235660984,-15.457686069525145,True,1.82595845758029,UP
91.63999938964844,-5.5355145122468645,-2.240237382096999,-2.396421359704548,True,5.5355145122468645,DOWN
86.87999725341797,0.011505130102373862,-10.4422272546567,-2.3929949799939454,True,0.011505130102373862,UP
81.94000244140625,-5.685997891554228,-10.584894165045021,-9.717936852387277,True,5.685997891554228,DOWN
78.73999786376953,-5.68930425384675,-7.484435085067165,-17.019708746716155,True,5.68930425384675,DOWN
76.70999908447266,-2.5781036758586673,-10.52140898082844,-17.08819512779195,True,2.5781036758586673,DOWN
78.5,2.3334649157747966,-7.04558574689923,-15.645817688127794,True,2.3334649157747966,UP
82.1500015258789,4.6496834724572,-0.9524968558874192,-15.31800874458673,True,4.6496834724572,UP
83.62999725341797,5.208201661728062,9.02098585782154,-3.440715085940582,True,5.208201661728062,UP
86.5199966430664,3.4556970997991154,10.216556233205608,-0.40290789967701857,True,3.4556970997991154,UP
92.63999938964844,4.737142550562323,16.542963742954765,10.892983450314642,True,4.737142550562323,UP
92.61000061035156,5.035729311118531,5.358360640171278,4.703226462001653,True,5.035729311118531,UP
74.25,-3.483686851091139,-5.0511471897582645,-19.82507341469487,True,3.483686851091139,DOWN
72.01000213623047,-3.016832139756942,-10.602111225296817,-21.549186819923925,True,3.016832139756942,DOWN
71.45999908447266,-0.7637870232489408,-12.016747093747426,-19.626593025407058,True,0.7637870232489408,DOWN
71.0199966430664,-0.6157325035592631,-11.202808624401527,-17.255044707024325,True,0.6157325035592631,DOWN
73.16999816894531,3.0273185405575553,-4.887562877050322,-15.381060326125507,True,3.0273185405575553,UP
75.38999938964844,3.0340320845399837,1.5353527133312284,-15.254046576527857,True,3.0340320845399837,UP
72.83999633789062,-5.316526648980114,-8.41192322908445,-8.927240209254117,True,5.316526648980114,DOWN
67.61000061035156,-5.21519854929201,-11.80537779732842,-15.635137103476637,True,5.21519854929201,DOWN
66.73999786376953,-2.355523988725683,-12.962966095261363,-15.078252991860552,True,2.355523988725683,DOWN
72.80999755859375,5.125606862357079,7.64340363039171,-4.599059421207663,True,5.125606862357079,UP
80.41999816894531,6.2772566604202495,10.451862196846552,0.9287121748686289,True,6.2772566604202495,UP
80.70999908447266,0.3606079608682755,10.259566187605994,0.31071340149722015,True,0.3606079608682755,UP
80.61000061035156,-0.12389849492679961,10.47005517588071,3.9056441193379587,True,0.12389849492679961,DOWN
82.16000366210938,-1.321160756543427,1.922842128795077,15.1829546516844,True,1.321160756543427,DOWN
82.5199966430664,0.43816086284214073,2.2552661259596984,22.052944679950226,True,0.43816086284214073,UP
80.83000183105469,-2.0479821628224926,1.366947575227373,18.258966547978517,True,2.0479821628224926,DOWN
80.86000061035156,0.037113421523327084,-0.8217811590541135,21.1567323921765,True,0.037113421523327084,UP
79.16000366210938,-2.102395418513703,-4.924331454391096,17.031348871100004,True,2.102395418513703,DOWN
71.66000366210938,-5.286809154627637,-7.0195874583325875,-5.299318889744109,True,5.286809154627637,DOWN
68.55999755859375,-0.058310373785841474,-8.29321080855353,-15.053898728412173,True,0.058310373785841474,DOWN
79.62999725341797,1.1303015161217678,5.122108585370255,15.138798491771599,True,1.1303015161217678,UP
80.08999633789062,1.6628555202999218,5.897129771839427,18.301329317814897,True,1.6628555202999218,UP
80.58000183105469,0.6118185985385605,4.554304074385751,15.842444881022688,True,0.6118185985385605,UP
81.80000305175781,1.5140248113433952,3.8862144666075515,17.091328853548603,True,1.5140248113433952,UP
81.37000274658203,-0.5256727251021109,2.1851130895139903,15.18969910765029,True,0.5256727251021109,DOWN
82.81999969482422,1.5573226186887723,2.7798434014260076,15.34818408729388,True,1.5573226186887723,UP
93.68000030517578,3.639784199295071,3.7660628841951205,16.953810349250077,True,3.639784199295071,UP
84.22000122070312,-5.614705757871263,-10.098205650784987,-2.8492342267178894,True,5.614705757871263,DOWN
82.30999755859375,-2.267874180034868,-10.24970190788107,-5.974415469769456,True,2.267874180034868,DOWN
87.69000244140625,5.765285934345443,5.918590979215588,-2.739575333159805,True,5.765285934345443,UP
72.9000015258789,-4.904776880527228,-3.749665194074614,-17.45923711755738,True,4.904776880527228,DOWN
75.88999938964844,4.101505900117308,-1.6586741086796697,-15.083364599593384,True,4.101505900117308,UP
69.37999725341797,-4.065268879718564,-10.891347663059447,-14.154915224701337,True,4.065268879718564,DOWN
67.66999816894531,-2.140279572343484,-10.85496653358361,-10.049188954730404,True,2.140279572343484,DOWN
67.30999755859375,2.372619860979097,-2.731213111269437,-15.92555631877033,True,2.372619860979097,UP
73.70999908447266,5.1497870027547465,8.92567028071709,6.517344414919135,True,5.1497870027547465,UP
77.13999938964844,3.7106779216822927,13.158282912774656,13.994386695652427,True,3.7106779216822927,UP
67.37999725341797,-6.129843411404423,-4.506803309531115,-1.173369093835397,True,6.129843411404423,DOWN
